"도서관명","시도명","시군구명","도서관유형","평일운영시작시각","평일운영종료시각","열람좌석수","자료수(도서)","소재지도로명주소","운영기관명","홈페이지주소","데이터기준일자"
"인천광역시교육청신트리도서관","인천광역시","부평구","공공도서관","09:00","20:00","440","305097","인천광역시 부평구 신트리로 21","인천광역시교육청신트리도서관","https://lib.ice.go.kr/shintree","2026-08-06"
"인천광역시교육청연수도서관","인천광역시","연수구","공공도서관","06:00","22:00","995","242324","인천광역시 연수구 함박뫼로 152번길 96(연수동)","인천광역시교육청","https://lib.ice.go.kr/yeonsu","2026-08-04"
"인천광역시교육청계양도서관","인천광역시","계양구","공공도서관","06:00","22:00","606","215795","인천광역시 계양구 계양산로134번길 18 (계산동)","인천광역시교육청","https://lib.ice.go.kr/gyeyang/index.do","2026-08-19"
"인천광역시교육청서구도서관","인천광역시","서구","공공도서관","06:00","22:00","965","258691","인천광역시 서구 건지로334번길 45","인천광역시교육청서구도서관","https://lib.ice.go.kr/seogu/","2026-07-02"
"인천광역시교육청 주안도서관","인천광역시","미추홀구","공공도서관","06:00","22:00","825","252130","인천광역시 미추홀구 구월남로 27","인천광역시교육청 주안도서관","https://lib.ice.go.kr/juan","2026-08-19"
"인천광역시교육청 인천광역시교육청부평도서관","인천광역시","부평구","공공도서관","06:00","22:00","555","196778","인천광역시 부평구 경원대로1191","인천광역시교육청","https://lib.ice.go.kr/bupyeong/index.do","2026-08-10"
"인천광역시교육청 인천광역시교육청중앙도서관","인천광역시","남동구","공공도서관","09:00","20:00","360","321691","인천광역시 남동구 정각로9","인천광역시교육청","https://lib.ice.go.kr/jungang/index.do","2026-08-04"
"인천광역시교육청화도진도서관","인천광역시","제물포구","공공도서관","09:00","20:00","662","183639","인천광역시 동구 화도진로 122","인천광역시교육청","https://lib.ice.go.kr/hwadojin/index.do","2026-08-06"
"고암작은도서관","경기도","양주시","공공도서관","09:00","18:00","50","13346","경기도 양주시 고암길 251-1 1층","경기도 양주시청","https://www.libyj.go.kr/goamlib/index.do","2026-06-30"
"광적도서관","경기도","양주시","공공도서관","09:00","22:00","187","47587","경기도 양주시 광적면 광적로42번길 5","경기도 양주시청","https://www.libyj.go.kr/gjlib/index.do","2026-06-30"
"덕계도서관","경기도","양주시","공공도서관","09:00","22:00","130","87876","경기도 양주시 평화로1475번길 39","경기도 양주시청","https://www.libyj.go.kr/dklib/index.do","2026-06-30"
"남면도서관","경기도","양주시","공공도서관","09:00","18:00","147","46688","경기도 양주시 남면 개나리17길 24","경기도 양주시청","https://www.libyj.go.kr/nmlib/index.do","2026-06-30"
"꿈나무도서관","경기도","양주시","공공도서관","09:00","22:00","183","132286","경기도 양주시 백석읍 꿈나무로 199","경기도 양주시청","https://www.libyj.go.kr/childlib/index.do","2026-06-30"
"고읍도서관","경기도","양주시","공공도서관","09:00","22:00","296","64321","경기도 양주시 고읍남로 207","경기도 양주시청","https://www.libyj.go.kr/gulib/index.do","2026-06-30"
"덕정도서관","경기도","양주시","공공도서관","09:00","22:00","300","78807","경기도 양주시 화합로1371번길 11","경기도 양주시청","https://www.libyj.go.kr/djlib/index.do","2026-06-30"
"양주희망도서관","경기도","양주시","공공도서관","09:00","22:00","298","69772","경기도 양주시 삼숭로38번길 78-47","경기도 양주시청","https://www.libyj.go.kr/hmlib/index.do","2026-06-30"
"장흥작은도서관","경기도","양주시","공공도서관","09:00","22:00","70","24594","경기도 양주시 장흥면 호국로 470","경기도 양주시청","https://www.libyj.go.kr/jhlib/index.do","2026-06-30"
"옥정호수도서관","경기도","양주시","공공도서관","09:00","22:00","300","94559","경기도 양주시 옥정동로7길 110","경기도 양주시청","https://www.libyj.go.kr/ojlake/index.do","2026-06-30"
"자월도서관","인천광역시","옹진군","공공도서관","09:00","18:00","50","1627","인천광역시 옹진군 자월면 자월서로 181","인천광역시 옹진군 자월면사무소","","2026-07-02"
"연평도서관","인천광역시","옹진군","공공도서관","09:00","21:00","59","7490","인천광역시 옹진군 연평면 연평로 184","인천광역시 옹진군 연평면사무소","","2026-07-02"
"영흥도서관","인천광역시","옹진군","공공도서관","09:00","21:00","92","37099","인천광역시 옹진군 영흥면 영흥로251번길 90","인천광역시 옹진군 영흥면사무소","","2026-07-02"
"대청도서관","인천광역시","옹진군","공공도서관","09:00","18:00","51","18526","인천광역시 옹진군 대청면 대청로244번길 116-22","인천광역시 옹진군 대청면사무소","","2026-07-02"
"백령도서관","인천광역시","옹진군","공공도서관","09:00","21:00","38","29113","인천광역시 옹진군 백령면 백령로 260","인천광역시 옹진군 백령면사무소","","2026-07-02"
"은뜨락도서관","서울특별시","은평구","공공도서관","09:00","22:00","188","42682","서울특별시 은평구 통일로 972","재단법인횃불장학회","https://www.edlib.or.kr","2026-06-30"
"내를건너서숲으로도서관","서울특별시","은평구","공공도서관","09:00","22:00","170","64105","서울특별시 은평구 증산로17길 51","사단법인더불어배움","http://www.nslib.or.kr","2026-06-30"
"구산동 도서관마을","서울특별시","은평구","공공도서관","09:00","22:00","350","75618","서울특별시 은평구 연서로 13길 29-23","은평도서관마을 협동조합","http://www.gsvlib.or.kr/","2026-06-30"
"은평뉴타운 도서관","서울특별시","은평구","공공도서관","09:00","22:00","420","70577","서울특별시 은평구 진관2로 111-51","사회복지법인 인덕원","http://www.enlib.or.kr/","2026-06-30"
"응암정보도서관","서울특별시","은평구","공공도서관","09:00","22:00","250","23760","서울특별시 은평구 가좌로 7길 15","대한성결교회 유지재단","http://www.ealib.or.kr/","2026-06-30"
"증산정보도서관","서울특별시","은평구","공공도서관","09:00","22:00","530","71131","서울특별시 은평구 증산로5길 6","사회복지법인 인덕원","http://www.jsplib.or.kr/","2026-06-30"
"은평구립도서관","서울특별시","은평구","공공도서관","09:00","22:00","1039","230986","서울특별시 은평구 통일로 79가길 13-84","사회복지법인 인덕원","http://www.eplib.or.kr/","2026-06-30"
"보문숲길도서관","서울특별시","성북구","공공도서관","09:00","18:00","80","14364","서울특별시 성북구 보문사길 20","성북문화재단","https://www.sblib.seoul.kr/bmlib/index.do","2026-07-29"
"글빛도서관","서울특별시","성북구","공공도서관","09:00","18:00","194","21426","서울특별시 성북구 길음로7길 20","성북문화재단","https://www.sblib.seoul.kr/sblib/","2026-07-29"
"성북길빛도서관","서울특별시","성북구","공공도서관","09:00","21:00","250","34535","서울특별시 성북구 숭인로8길 52","성북문화재단","https://www.sblib.seoul.kr/sblib/","2026-07-29"
"장위행복누림도서관","서울특별시","성북구","공공도서관","09:00","18:00","60","15539","서울특별시 성북구 장위로21다길 53","성북문화재단","https://www.sblib.seoul.kr/sblib/","2026-07-29"
"아리랑어린이도서관","서울특별시","성북구","공공도서관","09:00","18:00","110","35987","서울특별시 성북구 아리랑로 75","성북문화재단","https://www.sblib.seoul.kr/sblib/","2026-07-29"
"청수도서관","서울특별시","성북구","공공도서관","09:00","18:00","95","41194","서울특별시 성북구 보국문로16가길 20","성북문화재단","https://www.sblib.seoul.kr/sblib/","2026-07-29"
"달빛마루도서관","서울특별시","성북구","공공도서관","09:00","18:00","130","58477","서울특별시 성북구 종암로 167","성북문화재단","https://www.sblib.seoul.kr/sblib/","2026-07-29"
"석관동미리내도서관","서울특별시","성북구","공공도서관","09:00","18:00","87","36464","서울특별시 성북구 한천로66길 203","성북문화재단","https://www.sblib.seoul.kr/mrlib/","2026-07-29"
"종암동새날도서관","서울특별시","성북구","공공도서관","09:00","18:00","110","47114","서울특별시 성북구 종암로 98-8","성북문화재단","https://www.sblib.seoul.kr/sblib/","2026-07-29"
"아리랑도서관","서울특별시","성북구","공공도서관","09:00","22:00","188","91118","서울특별시 성북구 아리랑로 82","성북문화재단","https://www.sblib.seoul.kr/arlib/index.do","2026-07-29"
"성북정보도서관","서울특별시","성북구","공공도서관","09:00","22:00","446","168587","서울특별시 성북구 화랑로18자길 13","성북문화재단","https://www.sblib.seoul.kr/sblib/","2026-07-29"
"성북어린이청소년도서관","서울특별시","성북구","공공도서관","09:00","18:00","218","18649","서울특별시 성북구 삼선교로16길 59","성북문화재단","https://www.sblib.seoul.kr/scylib/index.do","2026-07-29"
"서울특별시교육청송파도서관","서울특별시","송파구","공공도서관","08:00","22:00","894","254870","서울특별시 송파구 동남로 263","서울특별시교육청","https://splib.sen.go.kr","2026-06-01"
"가평군 조종도서관","경기도","가평군","공공도서관","07:00","23:59","72","74530","경기도 가평군 조종면 조종희망로 26번길22","경기도 가평군","www.gaplib.go.kr","2026-05-20"
"가평군 청평도서관","경기도","가평군","공공도서관","07:00","23:59","110","82270","경기도 가평군 청평면 은고개로 31","경기도 가평군","www.gaplib.go.kr","2026-05-20"
"가평군 설악도서관","경기도","가평군","공공도서관","07:00","23:59","97","66479","경기도 가평군 설악면 자잠로 65 가평설악도서관","경기도 가평군","www.gaplib.go.kr","2026-05-20"
"가평군 한석봉도서관","경기도","가평군","공공도서관","07:00","23:59","119","134853","경기도 가평군 가평읍 문화로 187","경기도 가평군","www.gaplib.go.kr","2026-05-20"
"이천시립마장도서관","경기도","이천시","공공도서관","08:00","23:00","210","52105","경기도 이천시 마장면 마장로 11","경기도 이천시청","https://www.icheonlib.go.kr","2026-05-26"
"이천시립효양도서관","경기도","이천시","공공도서관","08:00","23:00","517","143450","경기도 이천시 부발읍 경충대로2250번길 35","경기도 이천시청","https://www.icheonlib.go.kr","2026-05-26"
"이천시립어린이도서관","경기도","이천시","공공도서관","09:00","18:00","280","104777","경기도 이천시 남천로 31","경기도 이천시청","https://www.icheonlib.go.kr","2026-05-26"
"이천시립청미도서관","경기도","이천시","공공도서관","08:00","23:00","232","114892","경기도 이천시 장호원읍 서동대로8829번길 53-6","경기도 이천시청","https://www.icheonlib.go.kr","2026-05-26"
"이천시립도서관","경기도","이천시","공공도서관","08:00","23:00","473","164308","경기도 이천시 설봉로81번길 50","경기도 이천시청","https://www.icheonlib.go.kr","2026-05-26"
"오산시 햇살마루도서관","경기도","오산시","공공도서관","09:00","20:00","72","48025","경기도 오산시 오산로 132번길 28-6","경기도 오산시청","https://osanlibrary.go.kr/hatsalmaru/index.do","2026-06-04"
"오산시 소리울도서관","경기도","오산시","공공도서관","09:00","22:00","100","34793","경기도 오산시 경기대로 102-25","경기도 오산시청","https://osanlibrary.go.kr/soriul/index.do","2026-06-04"
"오산시 초평도서관","경기도","오산시","공공도서관","09:00","22:00","220","52032","경기도 오산시 발안로 1353-11(누읍동 561)","경기도 오산시청","https://osanlibrary.go.kr/chopyeong/index.do","2026-06-04"
"오산시 청학도서관","경기도","오산시","공공도서관","09:00","22:00","75","25443","경기도 오산시 청학로 80(궐동)","경기도 오산시청","https://osanlibrary.go.kr/cheonghak/index.do","2026-06-04"
"오산시 양산도서관","경기도","오산시","공공도서관","09:00","22:00","232","58065","경기도 오산시 양산로 410번길 34","경기도 오산시청","https://osanlibrary.go.kr/yangsan/index.do","2026-06-04"
"오산시 꿈두레도서관","경기도","오산시","공공도서관","09:00","22:00","362","132144","경기도 오산시 세마역로 20(세교동 618)","경기도 오산시청","https://osanlibrary.go.kr/kkumdure/index.do","2026-06-04"
"오산시 중앙도서관","경기도","오산시","공공도서관","09:00","22:00","442","248084","경기도 오산시 운암로 85","경기도 오산시청","https://osanlibrary.go.kr/jungang/index.do","2026-06-04"
"화정도서관","경기도","고양시","공공도서관","09:00","22:00","0","148365","경기도 고양시 덕양구 은빛로77번길 8(화정동)","경기도 고양시청","https://www.goyanglib.or.kr/ME/index.do","2026-06-05"
"행신도서관","경기도","고양시","공공도서관","09:00","22:00","204","126067","경기도 고양시 덕양구 행당로33번길 25-6(행신동)","경기도 고양시청","https://www.goyanglib.or.kr/MB/index.do","2026-06-05"
"한뫼도서관","경기도","고양시","공공도서관","07:00","23:00","134","129685","경기도 고양시 일산서구 탄중로 284(일산동)","경기도 고양시청","https://www.goyanglib.or.kr/MK/index.do","2026-06-05"
"풍동도서관","경기도","고양시","공공도서관","07:00","23:00","0","85824","경기도 고양시 일산동구 숲속마을로 108(풍동)","경기도 고양시청","https://www.goyanglib.or.kr/ML/index.do","2026-06-05"
"일산도서관","경기도","고양시","공공도서관","09:00","22:00","0","60533","경기도 고양시 일산서구 고양대로 586-65(일산동)","경기도 고양시청","https://www.goyanglib.or.kr/MU/index.do","2026-06-05"
"아람누리도서관","경기도","고양시","공공도서관","09:00","22:00","0","174493","경기도 고양시 일산동구 중앙로 1286(마두동)","경기도 고양시청","https://www.goyanglib.or.kr/MF/index.do","2026-06-05"
"신원도서관","경기도","고양시","공공도서관","07:00","23:00","170","91206","경기도 고양시 덕양구 신원2로 24(신원동)","경기도 고양시청","https://www.goyanglib.or.kr/MO/index.do","2026-06-05"
"식사도서관","경기도","고양시","공공도서관","07:00","23:00","194","96867","경기도 고양시 일산동구 위시티2로 43-6(식사동)","경기도 고양시청","https://www.goyanglib.or.kr/MM/index.do","2026-06-05"
"삼송도서관","경기도","고양시","공공도서관","07:00","23:00","110","90116","경기도 고양시 덕양구 덕수천1로 73(삼송동)","경기도 고양시청","https://www.goyanglib.or.kr/MP/index.do","2026-06-05"
"별꿈도서관","경기도","고양시","공공도서관","10:00","19:00","0","19170","경기도 고양시 덕양구 고양대로 1937(동산동)","경기도 고양시청","https://www.goyanglib.or.kr/MQ/index.do","2026-06-05"
"마두도서관","경기도","고양시","공공도서관","09:00","22:00","0","161249","경기도 고양시 일산동구 일산로 355(마두동)","경기도 고양시청","https://www.goyanglib.or.kr/MA/index.do","2026-06-05"
"덕이도서관","경기도","고양시","공공도서관","07:00","23:00","168","89232","경기도 고양시 일산서구 하이파크로 128(덕이동)","경기도 고양시청","https://www.goyanglib.or.kr/MN/index.do","2026-06-05"
"대화도서관","경기도","고양시","공공도서관","07:00","23:00","177","151583","경기도 고양시 일산서구 일산로 689(대화동)","경기도 고양시청","https://www.goyanglib.or.kr/MJ/index.do","2026-06-05"
"높빛도서관","경기도","고양시","공공도서관","09:00","22:00","0","71027","경기도 고양시 덕양구 푸른마을로 34-8(고양동)","경기도 고양시청","https://www.goyanglib.or.kr/MV/index.do","2026-06-05"
"가좌도서관","경기도","고양시","공공도서관","07:00","23:00","122","86717","경기도 고양시 일산서구 가좌3로 16(가좌동)","경기도 고양시청","https://www.goyanglib.or.kr/MT/index.do","2026-06-05"
"와동교육도서관","경기도","안산시","공공도서관","09:00","22:00","350","27244","경기도 안산시 단원구 와동공원로 71 (와동)","안산시 중앙도서관","","2026-06-19"
"상록수도서관","경기도","안산시","공공도서관","09:00","22:00","142","23147","경기도 안산시 상록구 샘골로 167(본오동)","안산시 감골도서관","http://lib.ansan.go.kr","2026-06-19"
"월피예술도서관","경기도","안산시","공공도서관","09:00","22:00","400","29274","경기도 안산시 상록구 광덕산안길 32(월피동)","안산시 감골도서관","http://lib.ansan.go.kr","2026-06-19"
"중앙도서관","경기도","안산시","공공도서관","08:00","22:00","896","310666","경기도 안산시 단원구 안산천남로 14(고잔동)","안산시 중앙도서관","http://lib.ansan.go.kr","2026-06-19"
"원고잔도서관","경기도","안산시","공공도서관","09:00","22:00","194","41605","경기도 안산시 단원구 원고잔공원로 33(고잔동)","안산시 중앙도서관","http://lib.ansan.go.kr","2026-06-19"
"안산미디어도서관","경기도","안산시","공공도서관","09:00","22:00","474","45739","경기도 안산시 단원구 광덕1로 198(고잔동)","안산시 중앙도서관","http://lib.ansan.go.kr","2026-06-19"
"수암도서관","경기도","안산시","공공도서관","09:00","18:00","133","25259","경기도 안산시 상록구 원당골1길 23-3(수암동)","안산시 감골도서관","http://lib.ansan.go.kr","2026-06-19"
"성포도서관","경기도","안산시","공공도서관","09:00","22:00","527","142767","경기도 안산시 상록구 충장로 528(성포동)","안산시 감골도서관","http://lib.ansan.go.kr","2026-06-19"
"선부도서관","경기도","안산시","공공도서관","09:00","22:00","262","57063","경기도 안산시 단원구 선부로 100(선부동)","안산시 중앙도서관","http://lib.ansan.go.kr","2026-06-19"
"상록어린이도서관","경기도","안산시","공공도서관","09:00","18:00","95","127899","경기도 안산시 상록구 구룡체육관로 45(일동)","안산시 감골도서관","http://lib.ansan.go.kr","2026-06-19"
"부곡도서관","경기도","안산시","공공도서관","09:00","22:00","86","26191","경기도 안산시 상록구성호로 333(부곡동)","안산시 감골도서관","http://lib.ansan.go.kr","2026-06-19"
"본오도서관","경기도","안산시","공공도서관","09:00","18:00","104","36335","경기도 안산시 상록구 각골로 49(본오동)","안산시 감골도서관","http://lib.ansan.go.kr","2026-06-19"
"반월도서관","경기도","안산시","공공도서관","09:00","22:00","276","39724","경기도 안산시 상록구 반월새싹길 39-3(건건동)","안산시 감골도서관","http://lib.ansan.go.kr","2026-06-19"
"대부도서관","경기도","안산시","공공도서관","09:00","22:00","99","44327","경기도 안산시 단원구 대남로 30(대부북동)","안산시 중앙도서관","http://lib.ansan.go.kr","2026-06-19"
"단원어린이도서관","경기도","안산시","공공도서관","09:00","18:00","250","126295","경기도 안산시 단원구 화정로 30(초지동)","안산시 중앙도서관","http://lib.ansan.go.kr","2026-06-19"
"관산도서관","경기도","안산시","공공도서관","09:00","22:00","462","201404","경기도 안산시 단원구 관산길 29(원곡동)","안산시 중앙도서관","http://lib.ansan.go.kr","2026-06-19"
"감골도서관","경기도","안산시","공공도서관","07:00","22:00","463","163119","경기도 안산시 상록구 감골공원안길 16-1(사동)","안산시 감골도서관","http://lib.ansan.go.kr","2026-06-19"
"역곡밝은도서관","경기도","부천시","공공도서관","10:00","19:00","0","9593","경기도 부천시 소사구 경인로536번길 37(괴안동)","경기도 부천시청","www.bcl.go.kr","2026-06-26"
"역곡도서관","경기도","부천시","공공도서관","07:00","22:00","260","53968","경기도 부천시 원미구 지봉로51번길 54(역곡동)","경기도 부천시청","www.bcl.go.kr","2026-06-26"
"오정도서관","경기도","부천시","공공도서관","07:00","22:00","373","101337","경기도 부천시 오정구 성오로 172(오정동)","경기도 부천시청","www.bcl.go.kr","2026-06-26"
"도당도서관","경기도","부천시","공공도서관","10:00","19:00","120","35183","경기도 부천시 원미구 부천로 360(도당동)","경기도 부천시청","www.bcl.go.kr","2026-06-26"
"꿈여울도서관","경기도","부천시","공공도서관","09:00","21:00","376","128881","경기도 부천시 오정구 까치로 103(작동)","경기도 부천시청","www.bcl.go.kr","2026-06-26"
"한울빛도서관","경기도","부천시","공공도서관","07:00","22:00","577","135845","경기도 부천시 소사구 소사로 107(소사본동)","경기도 부천시청","www.bcl.go.kr","2026-06-26"
"북부도서관","경기도","부천시","공공도서관","07:00","22:00","480","134681","경기도 부천시 원미구 삼작로301번길 5(도당동)","경기도 부천시청","www.bcl.go.kr","2026-06-26"
"원미도서관","경기도","부천시","공공도서관","07:00","22:00","646","233060","경기도 부천시 원미구 소사로 456(원미동)","경기도 부천시청","www.bcl.go.kr","2026-06-26"
"동화도서관","경기도","부천시","공공도서관","09:00","18:00","138","62586","경기도 부천시 원미구 장말로 107(상동)","경기도 부천시청","www.bcl.go.kr","2026-06-26"
"송내도서관","경기도","부천시","공공도서관","07:00","22:00","391","115241","경기도 부천시 소사구 경인로92번길 33(송내동)","경기도 부천시청","www.bcl.go.kr","2026-06-26"
"책마루도서관","경기도","부천시","공공도서관","09:00","18:00","258","112535","경기도 부천시 원미구 심중로 121(중동)","경기도 부천시청","www.bcl.go.kr","2026-06-26"
"꿈빛도서관","경기도","부천시","공공도서관","07:00","22:00","442","199280","경기도 부천시 원미구 신흥로275번길 19(중동)","경기도 부천시청","www.bcl.go.kr","2026-06-26"
"심곡도서관","경기도","부천시","공공도서관","07:00","18:00","450","159531","경기도 부천시 소사구 성무로 24(심곡본동)","경기도 부천시청","www.bcl.go.kr","2026-06-26"
"별빛마루도서관","경기도","부천시","공공도서관","07:00","22:00","781","80100","경기도 부천시 소사구 옥길로 105(옥길동)","경기도 부천시청","www.bcl.go.kr","2026-06-26"
"수주도서관","경기도","부천시","공공도서관","07:00","22:00","683","65750","경기도 부천시 오정구 고리울로8번길 77(고강동)","경기도 부천시청","www.bcl.go.kr","2026-06-26"
"상동도서관","경기도","부천시","공공도서관","07:00","22:00","690","176796","경기도 부천시 원미구 상이로 12(상동)","경기도 부천시청","www.bcl.go.kr","2026-06-26"
"지혜의숲도서관","인천광역시","강화군","공공도서관","09:00","22:00","82","22025","인천광역시 강화군 선원면 대문고개로 131","인천광역시 강화군청","https://lib.ganghwa.go.kr","2026-04-30"
"강화도서관","인천광역시","강화군","공공도서관","09:00","22:00","241","85849","인천광역시 강화군 강화읍 북문길9번길 18","인천광역시 강화군청","https://lib.ganghwa.go.kr","2026-04-30"
"내가도서관","인천광역시","강화군","공공도서관","09:00","18:00","60","17837","인천광역시 강화군 내가면 강화서로 249","인천광역시 강화군청","https://lib.ganghwa.go.kr","2026-04-30"
"별똥별어린이도서관","인천광역시","계양구","공공도서관","09:00","22:00","48","15093","인천광역시 계양구 봉오대로 510","(재)인천광역시 계양구 인재양성장학교육재단","http://www.gygl.go.kr","2026-05-19"
"임학도서관","인천광역시","계양구","공공도서관","06:00","22:00","109","20884","인천광역시 계양구 임학동로 26-1","(재)인천광역시 계양구 인재양성장학교육재단","http://www.gygl.go.kr","2026-05-19"
"동양도서관","인천광역시","계양구","공공도서관","06:00","22:00","393","50477","인천광역시 계양구 당미길 31","(재)인천광역시 계양구 인재양성장학교육재단","http://www.gygl.go.kr","2026-05-19"
"서운도서관","인천광역시","계양구","공공도서관","06:00","22:00","174","43297","인천광역시 계양구 아나지로 457번길 16","(재)인천광역시 계양구 인재양성장학교육재단","http://www.gygl.go.kr","2026-05-19"
"효성도서관","인천광역시","계양구","공공도서관","06:00","22:00","281","51383","인천광역시 계양구 봉오대로 600번길 14","(재)인천광역시 계양구 인재양성장학교육재단","http://www.gygl.go.kr","2026-05-19"
"작전도서관","인천광역시","계양구","공공도서관","06:00","22:00","374","45734","인천광역시 계양구 오조산로 21번길 4","(재)인천광역시 계양구 인재양성장학교육재단","http://www.gygl.go.kr","2026-05-19"
"함박비류도서관","인천광역시","연수구","공공도서관","09:00","18:00","142","39127","인천광역시 연수구 함박안로 218","인천광역시 연수구청","http://www.yspubliclib.go.kr","2026-04-30"
"동춘나래도서관","인천광역시","연수구","공공도서관","09:00","18:00","154","40410","인천광역시 연수구 봉재산로54번길 30","인천광역시 연수구청","http://www.yspubliclib.go.kr","2026-04-30"
"선학별빛도서관","인천광역시","연수구","공공도서관","09:00","22:00","247","63215","인천광역시 연수구 넘말로30","인천광역시 연수구청","http://www.yspubliclib.go.kr","2026-04-30"
"해돋이도서관","인천광역시","연수구","공공도서관","09:00","22:00","165","70313","인천광역시 연수구 해돋이로 7","인천광역시 연수구청","http://www.yspubliclib.go.kr","2026-04-30"
"연수꿈담도서관","인천광역시","연수구","공공도서관","09:00","22:00","220","48752","인천광역시 연수구 먼우금로 164","인천광역시 연수구청","http://www.yspubliclib.go.kr","2026-04-30"
"연수청학도서관","인천광역시","연수구","공공도서관","09:00","22:00","400","82028","인천광역시 연수구 솔샘로 146","인천광역시 연수구청","http://www.yspubliclib.go.kr","2026-04-30"
"송도국제도서관","인천광역시","연수구","공공도서관","09:00","21:00","49","49339","인천광역시 연수구 아카데미로 166 (송도동)","인천광역시 연수구청","http://www.yspubliclib.go.kr","2026-04-30"
"금천구립시흥도서관","서울특별시","금천구","공공도서관","07:00","22:00","418","95131","서울특별시 금천구 금하로 764","금천문화재단","https://geumcheonlib.seoul.kr","2026-04-08"
"금천구립금나래도서관","서울특별시","금천구","공공도서관","09:00","22:00","235","72548","서울특별시 금천구 시흥대로73길 70, 금천구의회","금천문화재단","https://geumcheonlib.seoul.kr","2026-04-08"
"금천구립가산도서관","서울특별시","금천구","공공도서관","07:00","22:00","224","78396","서울특별시 금천구 가산로5길 43, 금천구립가산정보도서관","금천문화재단","https://geumcheonlib.seoul.kr","2026-04-08"
"금천구립독산도서관","서울특별시","금천구","공공도서관","07:00","22:00","354","124057","서울특별시 금천구 독산로 54길 114","금천문화재단","https://geumcheonlib.seoul.kr","2026-04-08"
"안성시 일죽도서관","경기도","안성시","공공도서관","09:00","19:00","54","37756","경기도 안성시 일죽면 금일로 433","경기도 안성시","http://www.anseong.go.kr/library","2026-03-12"
"안성시 아양도서관","경기도","안성시","공공도서관","09:00","22:00","166","80373","경기도 안성시 아양로 88","경기도 안성시","http://www.anseong.go.kr/library","2026-03-12"
"안성시 진사도서관","경기도","안성시","공공도서관","09:00","22:00","100","105427","경기도 안성시 공도읍 진사2길 70","경기도 안성시","http://www.anseong.go.kr/library","2026-03-12"
"안성시 보개도서관","경기도","안성시","공공도서관","09:00","20:00","141","97989","경기도 안성시 보개면 종합운동장로 205","경기도 안성시","http://www.anseong.go.kr/library","2026-03-12"
"안성시 공도도서관","경기도","안성시","공공도서관","08:00","23:59","262","177357","경기도 안성시 공도읍 공도5로 26","경기도 안성시","http://www.anseong.go.kr/library","2026-03-12"
"안성시 중앙도서관","경기도","안성시","공공도서관","08:00","23:59","370","470588","경기도 안성시 안성맞춤대로 1150","경기도 안성시","http://www.anseong.go.kr/library","2026-03-12"
"연서도서관","경기도","광명시","공공도서관","09:00","22:00","272","58311","경기도 광명시 연서일로10","경기도 광명시청","https://gmlib.gm.go.kr/front/","2026-04-13"
"충현도서관","경기도","광명시","공공도서관","09:00","22:00","227","61065","경기도 광명시 충현로42번길 19","경기도 광명시청","https://gmlib.gm.go.kr/front/","2026-04-13"
"소하도서관","경기도","광명시","공공도서관","07:00","23:00","388","145521","경기도 광명시 소하일로 7","경기도 광명시청","https://gmlib.gm.go.kr/front/","2026-04-13"
"철산도서관","경기도","광명시","공공도서관","07:00","23:00","647","152244","경기도 광명시 철산로 56","경기도 광명시청","https://gmlib.gm.go.kr/front/","2026-04-13"
"광명도서관","경기도","광명시","공공도서관","07:00","23:00","1009","237354","경기도 광명시 원광명안로 48","경기도 광명시청","https://gmlib.gm.go.kr/front/","2026-04-13"
"하안도서관","경기도","광명시","공공도서관","07:00","23:00","781","252495","경기도 광명시 철망산로 46","경기도 광명시청","https://gmlib.gm.go.kr/front/","2026-04-13"
"만수2동어린이도서관","인천광역시","남동구","공공도서관","09:00","18:00","65","35390","인천광역시 남동구 만수서로 46(만수동)","인천광역시 남동구청","www.namdonglib.go.kr","2026-03-16"
"간석3동어린이도서관","인천광역시","남동구","공공도서관","09:00","18:00","80","39881","인천광역시 남동구 용천로 186(간석동)","인천광역시 남동구청","www.namdonglib.go.kr","2026-03-16"
"서창도서관","인천광역시","남동구","공공도서관","08:00","22:00","183","89858","인천광역시 남동구 독곡로16번길 15(서창동)","인천광역시 남동구청","www.namdonglib.go.kr","2026-03-16"
"소래도서관","인천광역시","남동구","공공도서관","08:00","22:00","150","118513","인천광역시 남동구 앵고개로 793(논현동)","인천광역시 남동구청","www.namdonglib.go.kr","2026-03-16"
"남동논현도서관","인천광역시","남동구","공공도서관","08:00","22:00","333","54860","인천광역시 남동구 청능대로 611번길 15","인천광역시 남동구청","www.namdonglib.go.kr","2026-03-16"
"하계어린이도서관","서울특별시","노원구　","공공도서관","09:00","18:00","142","11136","서울특별시 노원구 공릉로58가길 13","노원문화재단","www.nowonlib.kr","2026-04-08"
"월계어린이도서관","서울특별시","노원구　","공공도서관","09:00","18:00","100","19444","서울특별시 노원구 월계로42길 9 월계문화복지센터 3층","노원구구립도서관","www.nowonlib.kr","2026-04-08"
"화랑도서관","서울특별시","노원구　","공공도서관","09:00","22:00","156","35888","서울특별시 노원구 노원로1나길 10","성공회대","www.gycenter.or.kr/","2026-04-08"
"불암도서관","서울특별시","노원구　","공공도서관","09:00","20:00","259","66445","서울특별시 노원구 중계로 106","노원문화재단","www.nowonlib.kr","2026-04-08"
"상계도서관","서울특별시","노원구　","공공도서관","09:00","22:00","472","73659","서울특별시 노원구 동일로243길 57","노원문화재단","www.nowonlib.kr","2026-04-08"
"월계도서관","서울특별시","노원구　","공공도서관","09:00","20:00","225","61015","서울특별시 노원구 월계로 319","노원문화재단","www.nowonlib.kr","2026-04-08"
"노원어린이도서관","서울특별시","노원구　","공공도서관","09:00","18:00","113","59727","서울특별시 노원구 한글비석로 346","노원문화재단","www.nowonlib.kr","2026-04-08"
"노원중앙도서관","서울특별시","노원구　","공공도서관","09:00","22:00","698","168157","서울특별시 노원구 노원로34길 43","노원문화재단","www.nowonlib.kr","2026-04-08"
"마산도서관","경기도","김포시","공공도서관","09:00","22:00","372","73541","경기도 김포시 김포한강7로22번길 174-6","경기도 김포시","http://www.gimpo.go.kr/lib/index.do","2026-03-12"
"풍무도서관","경기도","김포시","공공도서관","09:00","22:00","313","126524","경기도 김포시 풍무로146번길 101(풍무동)","경기도 김포시","http://www.gimpo.go.kr/lib/index.do","2026-03-12"
"장기도서관","경기도","김포시","공공도서관","09:00","22:00","465","173532","경기도 김포시 김포한강2로 42(장기동)","경기도 김포시","http://www.gimpo.go.kr/lib/index.do","2026-03-12"
"고촌도서관","경기도","김포시","공공도서관","09:00","22:00","162","105014","경기도 김포시 고촌읍 장차로 14","경기도 김포시","http://www.gimpo.go.kr/lib/index.do","2026-03-12"
"양곡도서관","경기도","김포시","공공도서관","09:00","22:00","161","112191","경기도 김포시 양촌읍 양곡4로197번길 40","경기도 김포시","http://www.gimpo.go.kr/lib/index.do","2026-03-12"
"통진도서관","경기도","김포시","공공도서관","07:00","22:00","406","173404","경기도 김포시 통진읍 조강로 132","경기도 김포시","http://www.gimpo.go.kr/lib/index.do","2026-03-12"
"모담도서관","경기도","김포시","공공도서관","09:00","22:00","409","88883","경기도 김포시 모담공원로118","경기도 김포시","http://www.gimpo.go.kr/lib/index.do","2026-03-12"
"중앙도서관","경기도","파주시","공공도서관","09:00","22:00","506","200477","경기도 파주시 쇠재로 33(금촌동)","경기도 파주시청","https://lib.paju.go.kr/jalib","2026-03-18"
"가람도서관","경기도","파주시","공공도서관","09:00","22:00","136","63557","경기도 파주시 가람로 116번길 170(와동동)","경기도 파주시청","https://lib.paju.go.kr/grlib","2026-03-18"
"교하도서관","경기도","파주시","공공도서관","09:00","22:00","494","205793","경기도 파주시 숲속노을로 256(동패동)","경기도 파주시청","https://lib.paju.go.kr/ghlib","2026-03-18"
"한울도서관","경기도","파주시","공공도서관","09:00","22:00","352","77537","경기도 파주시 교하로 239","경기도 파주시청","https://lib.paju.go.kr/hulib","2026-03-18"
"법원도서관","경기도","파주시","공공도서관","09:00","20:00","152","63257","경기도 파주시 법원읍 사임당로 947","경기도 파주시청","https://lib.paju.go.kr/bwlib","2026-03-18"
"문산도서관","경기도","파주시","공공도서관","09:00","22:00","472","113272","경기도 파주시 문산읍 방촌로 1671","경기도 파주시청","https://lib.paju.go.kr/mslib","2026-03-18"
"적성도서관","경기도","파주시","공공도서관","09:00","22:00","86","43990","경기도 파주시 적성면 청송로 1013","경기도 파주시청","https://lib.paju.go.kr/jslib","2026-03-18"
"금촌도서관","경기도","파주시","공공도서관","09:00","20:00","68","53750","경기도 파주시 시민회관길 40(금촌동)","경기도 파주시청","https://lib.paju.go.kr/gclib","2026-03-18"
"물푸레도서관","경기도","파주시","공공도서관","09:00","18:00","125","49185","경기도 파주시 청석로 360(다율동)","경기도 파주시청","https://lib.paju.go.kr/mplib","2026-03-18"
"솔빛도서관","경기도","파주시","공공도서관","09:00","18:00","131","55926","경기도 파주시 시청로 194(아동동)","경기도 파주시청","https://lib.paju.go.kr/gclib3","2026-03-18"
"조리도서관","경기도","파주시","공공도서관","09:00","18:00","113","44462","경기도 파주시 조리읍 내산길 29","경기도 파주시청","https://lib.paju.go.kr/jrlib","2026-03-18"
"해솔도서관","경기도","파주시","공공도서관","09:00","22:00","134","77866","경기도 파주시 해솔로 34(목동동)","경기도 파주시청","https://lib.paju.go.kr/hslib","2026-03-18"
"한빛도서관","경기도","파주시","공공도서관","09:00","22:00","230","117687","경기도 파주시 와석순환로 94(야당동)","경기도 파주시청","https://lib.paju.go.kr/hblib","2026-03-18"
"탄현도서관","경기도","파주시","공공도서관","09:00","18:00","66","19738","경기도 파주시 탄현면 방촌로649번길 24-7","경기도 파주시청","https://lib.paju.go.kr/thlib","2026-03-18"
"월롱도서관","경기도","파주시","공공도서관","09:00","18:00","58","12001","경기도 파주시 월롱면 엘지로17","경기도 파주시청","https://lib.paju.go.kr/wllib","2026-03-18"
"광탄도서관","경기도","파주시","공공도서관","09:00","20:00","250","33987","경기도 파주시 광탄면 심궁로 23","경기도 파주시청","https://lib.paju.go.kr/gtlib","2026-03-18"
"파평도서관","경기도","파주시","공공도서관","09:00","18:00","39","13968","경기도 파주시 파평면 청송로 189-21 3층","경기도 파주시청","https://lib.paju.go.kr/pplib","2026-03-18"
"술이홀도서관","경기도","파주시","공공도서관","09:00","18:00","46","16900","경기도 파주시 파주읍 술이홀로 295 3층","경기도 파주시청","https://lib.paju.go.kr/srlib","2026-03-18"
"이석영뉴미디어도서관","경기도","남양주시","공공도서관","09:00","22:00","615","57772","경기도 남양주시 화도읍 맷돌로 84","사단법인 문화현상","http://lib.nyj.go.kr/lsy","2026-03-11"
"별빛도서관","경기도","남양주시","공공도서관","09:00","22:00","596","95544","경기도 남양주시 별내중앙로 102","경기도 남양주시청","http://lib.nyj.go.kr/bbit","2026-03-11"
"퇴계원도서관","경기도","남양주시","공공도서관","09:00","22:00","256","90578","경기도 남양주시 퇴계원읍 도제원로 12","경기도 남양주시청","http://lib.nyj.go.kr/toegyewon","2026-03-11"
"오남도서관","경기도","남양주시","공공도서관","09:00","22:00","312","118543","경기도 남양주시 오남읍 양지로240번길 12","경기도 남양주시청","http://lib.nyj.go.kr/onam","2026-03-11"
"진접푸른숲도서관","경기도","남양주시","공공도서관","09:00","22:00","549","101518","경기도 남양주시 진접읍 해밀예당2로 35","경기도 남양주시청","http://lib.nyj.go.kr/jinjeopgw","2026-03-11"
"진접도서관","경기도","남양주시","공공도서관","09:00","22:00","614","105090","경기도 남양주시 진접읍 금강로 1554-11","경기도 남양주시청","http://lib.nyj.go.kr/jinjeop","2026-03-11"
"별내도서관","경기도","남양주시","공공도서관","09:00","22:00","329","115918","경기도 남양주시 별내면 청학로 86-1","경기도 남양주시청","http://lib.nyj.go.kr/bnae","2026-03-11"
"호평도서관","경기도","남양주시","공공도서관","09:00","22:00","286","68141","경기도 남양주시 천마산로 67","경기도 남양주시청","http://lib.nyj.go.kr/hp","2026-03-11"
"평내도서관","경기도","남양주시","공공도서관","09:00","22:00","303","120935","경기도 남양주시 의안로 134","경기도 남양주시청","http://lib.nyj.go.kr/pynae","2026-03-11"
"진건도서관","경기도","남양주시","공공도서관","09:00","22:00","263","99101","경기도 남양주시 진건읍 진건오남로 41-25","경기도 남양주시청","http://lib.nyj.go.kr/jingeon","2026-03-11"
"화도도서관","경기도","남양주시","공공도서관","09:00","22:00","328","119076","경기도 남양주시 화도읍 수레로1260번길 33","경기도 남양주시청","http://lib.nyj.go.kr/hwado","2026-03-11"
"와부도서관","경기도","남양주시","공공도서관","09:00","22:00","430","143416","경기도 남양주시 와부읍 월문천로 43","경기도 남양주시청","http://lib.nyj.go.kr/waboo","2026-03-11"
"정약용도서관","경기도","남양주시","공공도서관","09:00","22:00","560","201595","경기도 남양주시 다산중앙로82번안길 138","경기도 남양주시청","http://lib.nyj.go.kr/jyy","2026-03-11"
"갈매도서관","경기도","구리시","공공도서관","09:00","22:00","326","55564","경기도 구리시 갈매중앙로80(갈매동)","경기도 구리시청","http://www.gurilib.go.kr","2026-02-28"
"교문방정환도서관","경기도","구리시","공공도서관","09:00","22:00","370","160350","경기도 구리시 안골로30번길 45(교문동)","경기도 구리시청","http://www.gurilib.go.kr","2026-02-28"
"토평도서관","경기도","구리시","공공도서관","08:00","23:00","536","190295","경기도 구리시 장자대로 140(토평동)","경기도 구리시청","http://www.gurilib.go.kr","2026-02-28"
"인창도서관","경기도","구리시","공공도서관","08:00","23:00","677","256337","경기도 구리시 건원대로 34번길 90(인창동)","경기도 구리시청","http://www.gurilib.go.kr","2026-02-28"
"세교도서관","경기도","평택시","공공도서관","10:00","19:00","299","56286","경기도 평택시 은실고가길 180","경기도 평택시청","https://www.ptlib.go.kr","2026-02-28"
"청북도서관","경기도","평택시","공공도서관","10:00","19:00","212","45227","경기도 평택시 청북읍 안청로 2길","경기도 평택시청","https://www.ptlib.go.kr","2026-02-28"
"진위도서관","경기도","평택시","공공도서관","10:00","19:00","171","48814","경기도 평택시 진위면 진위서로 137","경기도 평택시청","https://www.ptlib.go.kr","2026-02-28"
"장당도서관","경기도","평택시","공공도서관","08:00","23:59","571","123292","경기도 평택시 장당길 116","경기도 평택시청","https://www.ptlib.go.kr","2026-02-28"
"오성도서관","경기도","평택시","공공도서관","10:00","19:00","170","45227","경기도 평택시 오성면 오성새싹길 3","경기도 평택시청","https://www.ptlib.go.kr","2026-02-28"
"지산초록도서관","경기도","평택시","공공도서관","09:00","22:00","309","150261","경기도 평택시 지산로 48","경기도 평택시청","https://www.ptlib.go.kr","2026-02-28"
"안중도서관","경기도","평택시","공공도서관","08:00","23:59","617","170903","경기도 평택시 안중읍 서동대로 1531","경기도 평택시청","https://www.ptlib.go.kr","2026-02-28"
"팽성도서관","경기도","평택시","공공도서관","08:00","22:00","200","69340","경기도 평택시 팽성읍 안정로95번길 15-25","경기도 평택시청","https://www.ptlib.go.kr","2026-02-28"
"비전도서관","경기도","평택시","공공도서관","08:00","23:59","460","125140","경기도 평택시 비전로 27","경기도 평택시청","https://www.ptlib.go.kr","2026-02-28"
"배다리도서관","경기도","평택시","공공도서관","09:00","22:00","915","269252","경기도 평택시 죽백6로 20","경기도 평택시청","https://www.ptlib.go.kr","2026-02-28"
"가양도서관","서울특별시","강서구","공공도서관","07:00","22:00","474","72191","서울특별시 강서구 양천로61길 101","학교법인 한국그리스도의교회학원","http://lib.gangseo.seoul.kr","2026-04-14"
"등빛도서관","서울특별시","강서구","공공도서관","09:00","22:00","464","94050","서울특별시 강서구 강서로62길 48","재단법인 서울호서직업전문학교","http://lib.gangseo.seoul.kr","2026-04-14"
"곰달래도서관","서울특별시","강서구","공공도서관","09:00","22:00","436","77767","서울특별시 강서구 강서로5길 50","학교법인 백영학원","http://lib.gangseo.seoul.kr","2026-04-14"
"강서영어도서관","서울특별시","강서구","공공도서관","09:00","22:00","53","49490","서울특별시 강서구 곰달래로57가길 26","학교법인 백영학원","http://lib.gangseo.seoul.kr","2026-04-14"
"푸른들청소년도서관","서울특별시","강서구","공공도서관","09:00","22:00","126","65980","서울특별시 강서구 강서로45다길 71","학교법인 백영학원","http://lib.gangseo.seoul.kr","2026-04-14"
"길꽃어린이도서관","서울특별시","강서구","공공도서관","09:00","22:00","100","66491","서울특별시 강서구 금낭화로24길 5","영신교회","http://lib.gangseo.seoul.kr","2026-04-14"
"우장산숲속도서관","서울특별시","강서구","공공도서관","09:00","22:00","156","59613","서울특별시 강서구 우현로 34","영신교회","http://lib.gangseo.seoul.kr","2026-04-14"
"꿈꾸는어린이도서관","서울특별시","강서구","공공도서관","09:00","22:00","244","67342","서울특별시 강서구 공항대로 615","강서대학교","http://lib.gangseo.seoul.kr","2026-04-14"
"자월도서관","인천광역시","옹진군","공공도서관","09:00","18:00","50","1572","인천광역시 옹진군 자월면 자원리 1116-2, 2층","","","2026-02-09"
"연평도서관","인천광역시","옹진군","공공도서관","09:00","21:00","59","6953","인천광역시 옹진군 연평면 연평로 184","","","2026-02-09"
"영흥도서관","인천광역시","옹진군","공공도서관","10:00","21:00","92","35274","인천광역시 옹진군 영흥면 영흥로 283-31","","","2026-02-09"
"대청도서관","인천광역시","옹진군","공공도서관","09:00","18:00","51","19312","인천광역시 옹진군 대청면 대청리 750","","","2026-02-09"
"백령도서관","인천광역시","옹진군","공공도서관","09:00","21:00","38","25395","인천광역시 옹진군 백령면 백령로260","","","2026-02-09"
"지혜의숲도서관","인천광역시","깅화군","공공도서관","09:00","22:00","154","21697","인천광역시 강화군 선원면 대문고개로 131","","","2026-02-09"
"내가도서관","인천광역시","강화군","공공도서관","09:00","18:00","44","17148","인천광역시 강화군 내가면 강화서로249","","","2026-02-09"
"강화도서관","인천광역시","강화군","공공도서관","09:00","22:00","401","82669","인천광역시 강화군 강화읍 북문길 9번길 18","","","2026-02-09"
"단봉늘봄도서관","인천광역시","서구","공공도서관","09:00","22:00","193","41393","인천광역시 서구 오동로 25","","","2026-02-09"
"마전도서관","인천광역시","서구","공공도서관","09:00","22:00","490","72144","인천광역시 서구 원당대로 563","","","2026-02-09"
"검암도서관","인천광역시","서구","공공도서관","09:00","22:00","210","50296","인천광역시 서구 검암로 20번길 20","","","2026-02-09"
"청라호수도서관","인천광역시","서구","공공도서관","09:00","22:00","633","130869","인천광역시 서구 크리스탈로 59","","","2026-02-09"
"청라국제도서관","인천광역시","서구","공공도서관","09:00","22:00","220","108933","인천광역시 서구 담지로 24","","","2026-02-09"
"신석도서관","인천광역시","서구","공공도서관","09:00","22:00","350","70636","인천광역시 서구 염곡로 299","","","2026-02-09"
"석남도서관","인천광역시","서구","공공도서관","09:00","22:00","283","62921","인천광역시 서구 서달로 137번길6-12","","","2026-02-09"
"검단도서관","인천광역시","서구","공공도서관","09:00","22:00","350","86072","인천광역시 서구 완정로 92번길 18","","","2026-02-09"
"심곡도서관","인천광역시","서구","공공도서관","09:00","22:00","212","77652","인천광역시 서구 심곡로 31","","","2026-02-09"
"가재울꿈어린이도서관","인천광역시","서구","공공도서관","09:00","18:00","485","263047","인천광역시 서구 건지로334번길 45","","","2026-02-09"
"서구도서관","인천광역시","서구","공공도서관","06:00","22:00","480","253958","인천광역시 서구 건지로334번길 45","","","2026-02-09"
"별똥별어린이도서관","인천광역시","계양구","공공도서관","09:00","18:00","48","14400","인천광역시 계양구 봉오대로 510","","","2026-02-09"
"임학도서관","인천광역시","계양구","공공도서관","09:00","22:00","44","20177","인천광역시 계양구 임학동로 26-1","","","2026-02-09"
"동양도서관","인천광역시","계양구","공공도서관","09:00","22:00","142","49556","인천광역시 계양구 당미길 31","","","2026-02-09"
"서운도서관","인천광역시","계양구","공공도서관","09:00","22:00","105","42149","인천광역시 계양구 아나지로457번길 16","","","2026-02-09"
"효성도서관","인천광역시","계양구","공공도서관","09:00","22:00","117","49947","인천광역시 계양구 봉오대로600번길 14","","","2026-02-09"
"작전도서관","인천광역시","계양구","공공도서관","09:00","22:00","185","44572","인천광역시 계양구 오조산로21번길 4","","","2026-02-09"
"계양도서관","인천광역시","계양구","공공도서관","06:00","22:00","606","211481","인천광역시 계양구 계양산로134번길 18","","","2026-02-09"
"청천도서관","인천광역시","부평구","공공도서관","09:00","22:00","149","61007","인천광역시 부평구 원길로 23","","","2026-02-09"
"부개어린이도서관","인천광역시","부평구","공공도서관","09:00","18:00","70","22831","인천광역시 부평구 동수로 166","","","2026-02-09"
"삼산도서관","인천광역시","부평구","공공도서관","09:00","22:00","204","69595","인천광역시 부평구 부평북로 445","","","2026-02-09"
"갈산도서관","인천광역시","부평구","공공도서관","09:00","18:00","92","28287","인천광역시 부평구 주부토로 254","","","2026-02-09"
"부개도서관","인천광역시","부평구","공공도서관","09:00","22:00","227","65303","인천광역시 부평구 부일로83번길 46","","","2026-02-09"
"부평기적의도서관","인천광역시","부평구","공공도서관","09:00","18:00","120","53484","인천광역시 부평구 길주남로 166","","","2026-02-09"
"신트리도서관","인천광역시","부평구","공공도서관","06:00","22:00","1220","297481","인천광역시 부평구 신트리로 21","","","2026-02-09"
"부평도서관","인천광역시","부평구","공공도서관","06:00","22:00","1051","198134","인천광역시 부평구 경원대로 1191","","","2026-02-09"
"논현도서관","인천광역시","남동구","공공도서관","08:00","22:00","36","46716","인천광역시 남동구 청능대로 611번길 15","","","2026-02-09"
"만수2동어린이도서관","인천광역시","남동구","공공도서관","09:00","18:00","0","35425","인천광역시 남동구 만수서로46(2층)","","","2026-02-09"
"소래도서관","인천광역시","남동구","공공도서관","06:00","22:00","74","114986","인천광역시 남동구 앵고개로 793","","","2026-02-09"
"서창도서관","인천광역시","남동구","공공도서관","06:00","22:00","42","95836","인천광역시 남동구 독곡로 16번길 15","","","2026-02-09"
"간석3동어린이도서관","인천광역시","남동구","공공도서관","09:00","18:00","0","41464","인천광역시 남동구 용천로 186(3층)","","","2026-02-09"
"중앙도서관","인천광역시","남동구","공공도서관","06:00","22:00","888","304597","인천광역시 남동구 정각로9 (인천광역시교육청)","","","2026-02-09"
"인천도서관","인천광역시","남동구","공공도서관","09:00","22:00","1169","727364","인천광역시 남동구 인주대로 776번길 53","","","2026-02-09"
"송도국제도서관","인천광역시","연수구","공공도서관","09:00","21:00","493","47565","인천광역시 연수구 아카데미로 166","","","2026-02-09"
"함박비류도서관","인천광역시","연수구","공공도서관","09:00","18:00","142","29925","인천광역시 연수구 함박안로 217","","","2026-02-09"
"동춘나래도서관","인천광역시","연수구","공공도서관","09:00","18:00","176","41689","인천광역시 연수구 봉재산로54번길 30","","","2026-02-09"
"선학별빛도서관","인천광역시","연수구","공공도서관","09:00","22:00","169","63197","인천광역시 연수구 넘말로30","","","2026-02-09"
"해돋이도서관","인천광역시","연수구","공공도서관","09:00","22:00","200","73984","인천광역시 연수구 해돋이로 51","","","2026-02-09"
"송도국제기구도서관","인천광역시","연수구","공공도서관","09:00","18:00","76","27237","인천광역시 연수구 아트센터대로 175, 2층","","","2026-02-09"
"연수청학도서관","인천광역시","연수구","공공도서관","07:00","22:00","400","85347","인천광역시 연수구 솔샘로 146","","","2026-02-09"
"송도국제어린이도서관","인천광역시","연수구","공공도서관","10:00","18:00","141","73819","인천광역시 연수구 컨벤시아대로 43","","","2026-02-09"
"연수꿈담도서관","인천광역시","연수구","공공도서관","09:00","22:00","300","52490","인천광역시 연수구 먼우금로 164","","","2026-02-09"
"연수도서관","인천광역시","연수구","공공도서관","06:00","22:00","484","237870","인천광역시 연수구 함박뫼로 152번길 96","","","2026-02-09"
"용비도서관","인천광역시","미추홀구","공공도서관","10:00","22:00","96","37980","인천광역시 미추홀구 토금남로 82","","","2026-02-09"
"학나래도서관","인천광역시","미추홀구","공공도서관","10:00","22:00","115","52675","인천광역시 미추홀구 한나루로 444","","","2026-02-09"
"수봉도서관","인천광역시","미추홀구","공공도서관","09:00","22:00","463","113854","인천광역시 미추홀구 경인로 218","","","2026-02-09"
"주안도서관","인천광역시","미추홀구","공공도서관","06:00","22:00","835","247131","인천광역시 미추홀구 구월남로 27","","","2026-02-09"
"꿈드림어린이영어도서관","인천광역시","동구","공공도서관","09:00","18:00","0","23731","인천광역시 동구 새천년로 93","","","2026-02-09"
"이룸청소년도서관","인천광역시","동구","공공도서관","10:00","19:00","85","4990","인천광역시 동구 샛골로 144(청봄이룸터)","","","2026-02-09"
"송림도서관","인천광역시","동구","공공도서관","06:00","22:00","450","87504","인천광역시 동구 새천년로 72","","","2026-02-09"
"화도진도서관","인천광역시","동구","공공도서관","06:00","22:00","662","180271","인천광역시 동구 화도진로 122","","","2026-02-09"
"영종국제도서관","인천광역시","중구","공공도서관","09:00","22:00","138","12994","인천광역시 중구 찬들로 151","","","2026-02-09"
"영종하늘도서관","인천광역시","중구","공공도서관","09:00","22:00","442","106945","인천광역시 중구 하늘중앙로 132","","","2026-02-09"
"꿈벗도서관","인천광역시","중구","공공도서관","09:00","18:00","85","44916","인천광역시 중구 홍예문로 32","","","2026-02-09"
"영종도서관","인천광역시","중구","공공도서관","09:00","22:00","311","115680","인천광역시 중구 영종대로 85","","","2026-02-09"
"율목도서관","인천광역시","중구","공공도서관","09:00","22:00","265","89599","인천광역시 중구 답동로24번길 17","","","2026-02-09"
"흥천도서관","경기도","여주시","공공도서관","10:00","19:00","145","13598","경기도 여주시 흥천면 효자로 121","경기도 여주시청","http://www.yjlib.go.kr","2025-12-22"
"여주기적의도서관","경기도","여주시","공공도서관","09:00","18:00","177","17996","경기도 여주시 세종대왕면 양화로 913","경기도 여주시청","http://www.yjlib.go.kr","2025-12-22"
"대신도서관","경기도","여주시","공공도서관","09:00","22:00","108","28387","경기도 여주시 대신면 율촌1길 12-10","경기도 여주시청","http://www.yjlib.go.kr","2025-12-22"
"금사도서관","경기도","여주시","공공도서관","10:00","19:00","63","16067","경기도 여주시 흥천면 이여로 1278-2","경기도 여주시청","http://www.yjlib.go.kr","2025-12-22"
"점동도서관","경기도","여주시","공공도서관","09:00","22:00","121","34250","경기도 여주시 점동면 청안로 130-15","경기도 여주시청","http://www.yjlib.go.kr","2025-12-22"
"세종도서관","경기도","여주시","공공도서관","09:00","22:00","148","132944","경기도 여주시 영릉로 125","경기도 여주시청","http://www.yjlib.go.kr","2025-12-22"
"여주도서관","경기도","여주시","공공도서관","09:00","22:00","326","152775","경기도 여주시 여양로 190-17","경기도 여주시청","http://www.yjlib.go.kr","2025-12-22"
"화성동탄중앙도서관","경기도","화성시","공공도서관","09:00","22:00","600","237747","경기도 화성시 동탄구 동탄중앙로 120 (반송동)","경기도 화성시청","www.hscitylib.or.kr","2026-02-01"
"향남복합문화센터도서관","경기도","화성시","공공도서관","09:00","22:00","374","36465","경기도 화성시 만세구 향남읍 상신하길로273번길 17","화성시문화관광재단","www.hscitylib.or.kr","2026-02-01"
"태안도서관","경기도","화성시","공공도서관","09:00","22:00","359","115287","경기도 화성시 병점구 화산중앙로 19 (안녕동)","화성시문화관광재단","www.hscitylib.or.kr","2026-02-01"
"진안도서관","경기도","화성시","공공도서관","09:00","22:00","471","91689","경기도 화성시 병점구 병점중앙로 229 (진안동)","화성시문화관광재단","www.hscitylib.or.kr","2026-02-01"
"정남도서관","경기도","화성시","공공도서관","09:00","22:00","83","45396","경기도 화성시 효행구 정남면 만년로 527","화성시문화관광재단","www.hscitylib.or.kr","2026-02-01"
"왕배푸른숲도서관","경기도","화성시","공공도서관","09:00","22:00","218","61000","경기도 화성시 동탄구 동탄대로12길 102 (산척동)","화성시문화관광재단","www.hscitylib.or.kr","2026-02-01"
"송산도서관","경기도","화성시","공공도서관","09:00","22:00","396","86249","경기도 화성시 만세구 송산면 삼일공원로 87","화성시문화관광재단","www.hscitylib.or.kr","2026-02-01"
"송린이음터도서관","경기도","화성시","공공도서관","09:00","22:00","204","68158","경기도 화성시 만세구 수노을2로 150 (새솔동)","화성시문화관광재단","www.hscitylib.or.kr","2026-02-01"
"서연이음터도서관","경기도","화성시","공공도서관","09:00","22:00","140","47642","경기도 화성시 동탄구 동탄순환대로8길 57 (장지동)","화성시인재육성재단","www.hscitylib.or.kr","2026-02-01"
"삼괴도서관","경기도","화성시","공공도서관","09:00","22:00","186","86775","경기도 화성시 만세구 우정읍 쌍봉로 109-26","화성시문화관광재단","www.hscitylib.or.kr","2026-02-01"
"봉담도서관","경기도","화성시","공공도서관","09:00","22:00","737","130996","경기도 화성시 효행구 봉담읍 샘마을1길 8-4","화성시문화관광재단","www.hscitylib.or.kr","2026-02-01"
"병점도서관","경기도","화성시","공공도서관","09:00","22:00","275","141429","경기도 화성시 병점구 병점3로 132-6 (병점동)","화성시문화관광재단","www.hscitylib.or.kr","2026-02-01"
"목동이음터도서관","경기도","화성시","공공도서관","09:00","22:00","168","94708","경기도 화성시 동탄구 동탄순환대로20길 6 (목동)","화성시문화관광재단","www.hscitylib.or.kr","2026-02-01"
"동탄중앙이음터도서관","경기도","화성시","공공도서관","09:00","22:00","480","124473","경기도 화성시 동탄구 동탄대로시범길 115 (청계동)","화성시문화관광재단","www.hscitylib.or.kr","2026-02-01"
"동탄다원이음터도서관","경기도","화성시","공공도서관","09:00","22:00","284","94873","경기도 화성시 동탄구 동탄순환대로 754-14 (영천동)","화성시인재육성재단","www.hscitylib.or.kr","2026-02-01"
"노을빛도서관","경기도","화성시","공공도서관","09:00","22:00","262","37530","경기도 화성시 병점구 병점노을로 19 (병점동)","화성시문화관광재단","www.hscitylib.or.kr","2026-02-01"
"남양도서관","경기도","화성시","공공도서관","09:00","22:00","756","113967","경기도 화성시 만세구 남양읍 역골중앙로 143","경기도 화성시청","www.hscitylib.or.kr","2026-02-01"
"하남시감일도서관","경기도","하남시","공공도서관","09:00","22:00","124","32697","경기도 하남시 감일순환로 171","하남시립도서관","","2026-01-01"
"하남시일가도서관","경기도","하남시","공공도서관","09:00","18:00","110","32957","경기도 하남시 미사강변남로 10","하남시립도서관","https://www.hanamlib.go.kr/iglib/index.do","2026-01-01"
"하남시덕풍도서관","경기도","하남시","공공도서관","08:00","23:00","170","29514","경기도 하남시 역말로 14","하남시립도서관","https://www.hanamlib.go.kr/dulib/index.do","2026-01-01"
"하남시디지털도서관","경기도","하남시","공공도서관","08:00","23:00","400","0","경기도 하남시 미사강변한강로 290-2","하남시립도서관","https://www.hanamlib.go.kr/dilib/index.do","2026-01-01"
"하남시세미도서관","경기도","하남시","공공도서관","09:00","22:00","209","35528","경기도 하남시 세미로1길 15","하남시립도서관","https://www.hanamlib.go.kr/selib/index.do","2026-01-01"
"하남시신장도서관","경기도","하남시","공공도서관","08:00","23:00","400","153435","경기도 하남시 하남대로 740","하남시립도서관","https://www.hanamlib.go.kr/silib/index.do","2026-01-01"
"하남시위례도서관","경기도","하남시","공공도서관","09:00","22:00","392","64535","경기도 하남시 위례대로 230","하남시립도서관","https://www.hanamlib.go.kr/wilib/index.do","2026-01-01"
"하남시나룰도서관","경기도","하남시","공공도서관","08:00","23:00","567","220215","경기도 하남시 덕풍북로 180","하남시립도서관","https://www.hanamlib.go.kr/nalib/index.do","2026-01-01"
"하남시미사도서관","경기도","하남시","공공도서관","09:00","22:00","813","154031","경기도 하남시 아리수로 545","하남시립도서관","https://www.hanamlib.go.kr/mslib/index.do","2026-01-01"
"백운호수도서관","경기도","의왕시","공공도서관","09:00","22:00","104","21111","경기도 의왕시 백운중앙로 74","경기도 의왕시청","https://uwlib.or.kr/baeagun","2025-12-19"
"포일어울림도서관","경기도","의왕시","공공도서관","09:00","22:00","112","23771","경기도 의왕시 안양판교로 82","경기도 의왕시청","https://uwlib.or.kr/poil","2025-12-19"
"글로벌도서관","경기도","의왕시","공공도서관","09:00","20:00","200","92508","경기도 의왕시 보식골로 30-10","경기도 의왕시청","http://www.uwlib.or.kr/global/main.do","2025-12-19"
"내손도서관","경기도","의왕시","공공도서관","07:00","23:00","125","218513","경기도 의왕시 복지로 109","경기도 의왕시청","http://www.uwlib.or.kr/naeson","2025-12-19"
"중앙도서관(열람실)","경기도","의왕시","공공도서관","07:00","23:00","567","199896","경기도 의왕시 골우물길 49","경기도 의왕시청","http://www.uwlib.or.kr/jungang/main.do","2025-12-19"
"중앙도서관(자료실)","경기도","의왕시","공공도서관","09:00","22:00","567","199896","경기도 의왕시 골우물길 49","경기도 의왕시청","http://www.uwlib.or.kr/jungang/main.do","2025-12-19"
"신현도서관","경기도","광주시","공공도서관","09:00","22:00","0","31252","경기도 광주시 머루숯길 70","경기도 광주시청","http://lib.gjcity.go.kr","2025-12-19"
"만선도서관","경기도","광주시","공공도서관","09:00","22:00","129","31449","경기도 광주시 곤지암읍 곤지암로11번길 47","경기도 광주시청","http://lib.gjcity.go.kr","2025-12-19"
"퇴촌도서관","경기도","광주시","공공도서관","09:00","22:00","125","26559","경기도 광주시 퇴촌면 탑골길 37","경기도 광주시청","http://lib.gjcity.go.kr","2025-12-19"
"광남도서관","경기도","광주시","공공도서관","09:00","22:00","359","40319","경기도 광주시 고불로46번길 47","경기도 광주시청","http://lib.gjcity.go.kr","2025-12-19"
"양벌도서관","경기도","광주시","공공도서관","09:00","22:00","62","25312","경기도 광주시 양벌로 195-25","경기도 광주시청","http://lib.gjcity.go.kr","2025-12-19"
"능평도서관","경기도","광주시","공공도서관","09:00","22:00","375","77273","경기도 광주시 창뜰아랫길 6","경기도 광주시청","http://lib.gjcity.go.kr","2025-12-19"
"곤지암도서관","경기도","광주시","공공도서관","09:00","22:00","176","89632","경기도 광주시 곤지암읍 곤지암로11번길 47","경기도 광주시청","http://lib.gjcity.go.kr","2025-12-19"
"초월도서관","경기도","광주시","공공도서관","09:00","22:00","303","10188","경기도 광주시 초월읍 무들로 3-26","경기도 광주시청","http://lib.gjcity.go.kr","2025-12-19"
"오포도서관","경기도","광주시","공공도서관","09:00","22:00","208","90908","경기도 광주시 태봉로 193","경기도 광주시청","http://lib.gjcity.go.kr","2025-12-19"
"중앙도서관","경기도","광주시","공공도서관","09:00","22:00","626","302009","경기도 광주시 문화로 82","경기도 광주시청","http://lib.gjcity.go.kr","2025-12-19"
"연천도서관","경기도","연천군","공공도서관","09:00","23:00","84","68036","경기도 연천군 연천읍 차현로 76-7","경기도 연천군청","http://library.yeoncheon.go.kr","2025-12-23"
"중앙도서관","경기도","연천군","공공도서관","09:00","23:00","153","103255","경기도 연천군 전곡읍 전은길 9-26","경기도 연천군청","http://library.yeoncheon.go.kr","2025-12-23"
"벌말도서관","경기도","안양시","공공도서관","09:00","20:00","130","66581","경기도 안양시 동안구 흥안대로434번길 19-27 (평촌동)","경기도 안양시청","http://lib.anyang.go.kr","2026-01-02"
"안양어린이도서관","경기도","안양시","공공도서관","10:00","19:00","502","108327","경기도 안양시 동안구 동안로 66 (호계동)","경기도 안양시청","http://lib.anyang.go.kr","2026-01-02"
"호계도서관","경기도","안양시","공공도서관","08:00","23:00","610","158073","경기도 안양시 동안구 경수대로685번길 26 (호계동)","경기도 안양시청","http://lib.anyang.go.kr","2026-01-02"
"비산도서관","경기도","안양시","공공도서관","08:00","23:00","590","103154","경기도 안양시 동안구 관악대로 123 (비산동)","경기도 안양시청","http://lib.anyang.go.kr","2026-01-02"
"관양도서관","경기도","안양시","공공도서관","08:00","23:00","520","102908","경기도 안양시 동안구 동편로 124 (관양동)","경기도 안양시청","http://lib.anyang.go.kr","2026-01-02"
"평촌도서관(임시자료실 운영중/안양어린이도서관 2층)","경기도","안양시","공공도서관","10:00","19:00","26","205300","경기도 안양시 동안구 동안로 66 (호계동)","경기도 안양시청","http://lib.anyang.go.kr","2026-01-02"
"큰샘어린이도서관","경기도","안양시","공공도서관","10:00","19:00","300","21511","경기도 안양시 만안구 덕천로 102 (안양동)","경기도 안양시청","http://lib.anyang.go.kr","2026-01-02"
"박달도서관","경기도","안양시","공공도서관","08:00","23:00","400","99387","경기도 안양시 만안구 박달로 459 (박달동)","경기도 안양시청","http://lib.anyang.go.kr","2026-01-02"
"삼덕도서관","경기도","안양시","공공도서관","08:00","23:00","390","89313","경기도 안양시 만안구 병목안로 58 (안양동)","경기도 안양시청","http://lib.anyang.go.kr","2026-01-02"
"만안도서관","경기도","안양시","공공도서관","08:00","23:00","562","249887","경기도 안양시 만안구 냉천로 51 (안양동)","경기도 안양시청","http://lib.anyang.go.kr","2026-01-02"
"석수도서관","경기도","안양시","공공도서관","08:00","23:00","2000","301056","경기도 안양시 만안구 양화로217번길 34 (석수동)","경기도 안양시청","http://lib.anyang.go.kr","2026-01-02"
"한아름도서관","경기도","수원시","공공도서관","09:00","21:00","120","34640","경기도 수원시 영통구 반달로 45(영통동 1012-5)","대한불교조계종 사회복지재단","https://www.suwonlib.go.kr/bandal","2026-01-01"
"사랑샘도서관","경기도","수원시","공공도서관","09:00","18:00","52","26941","경기도 수원시 영통구 창룡대로 255(이의동 1088-13)","수원중앙복지재단","https://www.suwonlib.go.kr/swlove","2026-01-01"
"희망샘도서관","경기도","수원시","공공도서관","09:00","22:00","65","48777","경기도 수원시 팔달구 권광로 293(인계동 333)","수원시청소년청년재단","https://www.suwonlib.go.kr/sycc","2026-01-01"
"망포글빛도서관","경기도","수원시","공공도서관","07:00","23:00","512","68204","경기도 수원시 영통구 망포로 100(망포동)","경기도 수원시청","https://www.suwonlib.go.kr/mpgb","2026-01-01"
"매여울도서관","경기도","수원시","공공도서관","07:00","23:00","484","74751","경기도 수원시 영통구 효원로 415","경기도 수원시청","https://www.suwonlib.go.kr/myu/","2026-01-01"
"광교푸른숲도서관","경기도","수원시","공공도서관","07:00","23:00","626","76796","경기도 수원시 영통구 광교호수로 131(하동)","경기도 수원시청","https://www.suwonlib.go.kr/gps","2026-01-01"
"태장마루도서관","경기도","수원시","공공도서관","07:00","23:00","813","145422","경기도 수원시 영통구 태장로 46(망포동)","경기도 수원시청","https://www.suwonlib.go.kr/tm/","2026-01-01"
"광교홍재도서관","경기도","수원시","공공도서관","07:00","23:00","770","137551","경기도 수원시 영통구 대학로 88(이의동)","경기도 수원시청","https://www.suwonlib.go.kr/gh/","2026-01-01"
"일월도서관","경기도","수원시","공공도서관","07:00","23:00","635","102119","경기도 수원시 장안구 일월천로 77(천천동)","경기도 수원시청","https://www.suwonlib.go.kr/iw","2026-01-01"
"대추골도서관","경기도","수원시","공공도서관","07:00","23:00","500","119531","경기도 수원시 장안구 수일로 164(조원동)","경기도 수원시청","https://www.suwonlib.go.kr/dcg","2026-01-01"
"북수원도서관","경기도","수원시","공공도서관","07:00","23:00","745","228588","경기도 수원시 장안구 만석로 65(정자동)","경기도 수원시청","https://www.suwonlib.go.kr/buk","2026-01-01"
"버드내도서관","경기도","수원시","공공도서관","07:00","23:00","480","98118","경기도 수원시 권선구 세권로94번길 29","경기도 수원시청","https://www.suwonlib.go.kr/bdn","2026-01-01"
"한림도서관","경기도","수원시","공공도서관","07:00","23:00","423","88806","경기도 수원시 권선구 동수원로25번길 32-110(권선동)","경기도 수원시청","https://www.suwonlib.go.kr/hl","2026-01-01"
"서수원도서관","경기도","수원시","공공도서관","07:00","23:00","746","218305","경기도 수원시 권선구 탑동로57번길 35(탑동)","경기도 수원시청","https://www.suwonlib.go.kr/seo","2026-01-01"
"호매실도서관","경기도","수원시","공공도서관","07:00","23:00","616","145150","경기도 수원시 권선구 칠보로 169(호매실동)","경기도 수원시청","https://www.suwonlib.go.kr/hms","2026-01-01"
"화서다산도서관","경기도","수원시","공공도서관","07:00","23:00","552","90374","경기도 수원시 팔달구 화양로68번길 7-35(화서동)","경기도 수원시청","https://www.suwonlib.go.kr/hd","2026-01-01"
"창룡도서관","경기도","수원시","공공도서관","07:00","23:00","663","99400","경기도 수원시 팔달구 월드컵로381번길 36(우만동)","경기도 수원시청","https://www.suwonlib.go.kr/cy","2026-01-01"
"중앙도서관","경기도","수원시","공공도서관","07:00","23:00","488","236794","경기도 수원시 팔달구 팔달산로 318(교동)","경기도 수원시청","https://www.suwonlib.go.kr/ct","2026-01-01"
"선경도서관","경기도","수원시","공공도서관","07:00","23:00","820","471653","경기도 수원시 팔달구 신풍로23번길 68(신풍동)","경기도 수원시청","https://www.suwonlib.go.kr/sk/","2026-01-01"
"꿈벗도서관","인천광역시","중구","공공도서관","09:00","18:00","86","29725","인천광역시 중구 홍예문로 32","","","2025-12-28"
"일원라온영어도서관","서울특별시","강남구","공공도서관","09:00","18:00","98","24862","서울특별시 강남구 영동대로 22, 지하 1층","","https://library.gangnam.go.kr/englib/index.do","2025-12-26"
"개포하늘꿈도서관","서울특별시","강남구","공공도서관","09:00","22:00","240","25741","서울특별시 강남구 개포로110길 54","(사)작은도서관만드는사람들","https://library.gangnam.go.kr/hnkklib","2025-12-26"
"못골도서관","서울특별시","강남구","공공도서관","09:00","22:00","196","73448","서울특별시 강남구 자곡로 116","(사)작은도서관만드는사람들","http://library.gangnam.go.kr/mglib","2025-12-26"
"열린도서관","서울특별시","강남구","공공도서관","09:00","22:00","78","38362","서울특별시 강남구 일원로115(삼성생명빌딩B동 203호)","(사)작은도서관만드는사람들","https://library.gangnam.go.kr/yllib","2025-12-26"
"역삼도서관","서울특별시","강남구","공공도서관","09:00","22:00","102","38284","서울특별시 강남구 역삼로7길 16 (역삼1문화센터 5층)","(사)작은도서관만드는사람들","http://library.gangnam.go.kr/yslib","2025-12-26"
"역삼푸른솔도서관","서울특별시","강남구","공공도서관","09:00","18:00","93","41493","서울특별시 강남구 테헤란로8길 36 (강남문화원 4층)","(사)작은도서관만드는사람들","https://library.gangnam.go.kr/ysplib","2025-12-26"
"행복한도서관","서울특별시","강남구","공공도서관","09:00","22:00","88","46353","서울특별시 강남구 영동대로65길 24 (대치2문화센터 3층)","(사)작은도서관만드는사람들","http://library.gangnam.go.kr/happylib","2025-12-26"
"즐거운도서관","서울특별시","강남구","공공도서관","09:00","22:00","78","38019","서울특별시 강남구 도곡로77길 23 (대치4문화센터 4층)","(사)작은도서관만드는사람들","https://library.gangnam.go.kr/jgwlib","2025-12-26"
"대치도서관","서울특별시","강남구","공공도서관","09:00","21:00","140","58663","서울특별시 강남구 삼성로 212 (은마상가 C블럭 2층)","(사)작은도서관만드는사람들","https://library.gangnam.go.kr/dchlib","2025-12-26"
"청담도서관","서울특별시","강남구","공공도서관","09:00","22:00","72","35447","서울특별시 강남구 압구정로79길 26 (청담문화센터 7층)","(사)작은도서관만드는사람들","https://library.gangnam.go.kr/cdlib","2025-12-26"
"정다운도서관","서울특별시","강남구","공공도서관","09:00","22:00","70","48805","서울특별시 강남구 학동로67길 11 (청담평생학습관 3층)","(사)작은도서관만드는사람들","https://library.gangnam.go.kr/jdwlib","2025-12-26"
"논현도서관","서울특별시","강남구","공공도서관","09:00","22:00","122","50462","서울특별시 강남구 학동로43길 17 (논현2문화센터 6층)","(사)작은도서관만드는사람들","https://library.gangnam.go.kr/nhlib","2025-12-26"
"도곡정보문화도서관","서울특별시","강남구","공공도서관","09:00","22:00","597","118881","서울특별시 강남구 도곡로18길 57, 3~6층","","https://library.gangnam.go.kr/dogoklib/index.do","2025-12-26"
"우면도서관","서울특별시","서초구","공공도서관","09:00","21:00","000","19011","서울특별시 서초구 양재대로2길 110","(재)서초문화재단","https://umyeon.seocholib.or.kr/","2025-12-22"
"방배숲환경도서관","서울특별시","서초구","공공도서관","09:00","22:00","115","22801","서울특별시 서초구 서초대로 160-7","(사)에코맘코리아","https://forest.seocholib.or.kr/","2025-12-22"
"서초청소년도서관","서울특별시","서초구","공공도서관","10:00","22:00","224","39595","서울특별시 서초구 효령로77길 37","(사)한국청소년지원네트워크","https://seocho.seocholib.or.kr/","2025-12-22"
"서초그림책도서관","서울특별시","서초구","공공도서관","09:00","21:00","100","17812","서울특별시 서초구 명달로 150","(재)서초문화재단","https://picturebook.seocholib.or.kr/","2025-12-22"
"방배도서관","서울특별시","서초구","공공도서관","09:00","21:00","60","22133","서울특별시 서초구 방배로 40","(재)서초문화재단","https://bangbae.seocholib.or.kr/","2025-12-22"
"잠원도서관","서울특별시","서초구","공공도서관","09:00","21:00","60","27654","서울특별시 서초구 나루터로 38","(재)서초문화재단","https://jamwon.seocholib.or.kr/","2025-12-22"
"서이도서관","서울특별시","서초구","공공도서관","09:00","21:00","83","25114","서울특별시 서초구 서초대로70길 51","(재)서초문화재단","https://seoi.seocholib.or.kr/","2025-12-22"
"양재도서관","서울특별시","서초구","공공도서관","09:00","22:00","410","87828","서울특별시 서초구 양재천로 33","(재)서초문화재단","https://yangjae.seocholib.or.kr/","2025-12-22"
"내곡도서관","서울특별시","서초구","공공도서관","09:00","22:00","250","85692","서울특별시 서초구 청계산로7길 9-20","(재)서초문화재단","http://naegok.seocholib.or.kr","2025-12-22"
"반포도서관","서울특별시","서초구","공공도서관","09:00","22:00","450","158463","서울특별시 서초구 고무래로 34","(재)서초문화재단","http://www.seocholib.or.kr","2025-12-22"
"경기평생교육학습관","경기도","수원시","공공도서관","09:00","20:00","330","657201","경기도 수원시 권선구 권중로 55","경기평생교육학습관","http://lib.goe.go.kr/gglec","2024-07-29"
"군자동도서관","서울특별시","광진구","공공도서관","09:00","20:00","60","12245","서울특별시 광진구 면목로 13,군자동복합청사 1층","광진구시설관리공단","http://www.gwangjinlib.seoul.kr/","2025-11-05"
"구의제3동도서관","서울특별시","광진구","공공도서관","09:00","20:00","64","26514","서울특별시 광진구 강변역로 17(구의동)","광진구시설관리공단","http://www.gwangjinlib.seoul.kr/","2025-11-05"
"자양제4동도서관","서울특별시","광진구","공공도서관","09:00","20:00","98","26717","서울특별시 광진구 뚝섬로26길 58(자양동)","광진구시설관리공단","http://www.gwangjinlib.seoul.kr/","2025-11-05"
"중곡문화체육센터도서관","서울특별시","광진구","공공도서관","09:00","22:00","259","80389","서울특별시 광진구 능동로 433(중곡동)","광진구시설관리공단","http://www.gwangjinlib.seoul.kr/","2025-11-05"
"자양한강도서관","서울특별시","광진구","공공도서관","09:00","20:00","370","43604","서울특별시 광진구 뚝섬로52길 66(자양동)","광진구시설관리공단","http://www.gwangjinlib.seoul.kr/","2025-11-05"
"광진정보도서관","서울특별시","광진구","공공도서관","09:00","22:00","1295","301007","서울특별시 광진구 아차산로78길 90(광장동)","광진구시설관리공단","http://www.gwangjinlib.seoul.kr/","2025-11-05"
"어린이도서관","경기도","군포시","공공도서관","09:00","18:00","289","111053","경기도 군포시 고산로677번길 21","경기도 군포시청","http://www.gunpolib.go.kr","2025-11-25"
"부곡도서관","경기도","군포시","공공도서관","09:00","22:00","344","96944","경기도 군포시 송부로221번길 3-10 (부곡동)","경기도 군포시청","http://www.gunpolib.go.kr","2025-11-25"
"대야도서관","경기도","군포시","공공도서관","09:00","22:00","406","98990","경기도 군포시 대야2로 139 (대야미동)","경기도 군포시청","http://www.gunpolib.go.kr","2025-11-25"
"당동도서관","경기도","군포시","공공도서관","09:00","22:00","379","102825","경기도 군포시 산본로197번길 36 (당동)","경기도 군포시청","http://www.gunpolib.go.kr","2025-11-25"
"산본도서관","경기도","군포시","공공도서관","09:00","22:00","851","189278","경기도 군포시 광정로 96","경기도 군포시청","http://www.gunpolib.go.kr","2025-11-25"
"중앙도서관","경기도","군포시","공공도서관","09:00","22:00","909","391672","경기도 군포시 수리산로 79","경기도 군포시청","http://www.gunpolib.go.kr","2025-11-25"
"경기성남교육도서관","경기도","성남시","공공도서관","09:00","22:00","553","235697","경기도 성남시 수정구 공원로 370번길 26","경기도교육청","https://lib.goe.go.kr/sn/","2024-11-18"
"용비도서관","인천광역시","미추홀구","공공도서관","10:00","22:00","98","43584","인천광역시 미추홀구 토금남로 82","인천광역시 미추홀구청","http://hnrl.michu.incheon.kr","2024-10-31"
"제물포도서관","인천광역시","미추홀구","공공도서관","10:00","18:00","35","19907","인천광역시 미추홀구 수봉로 22-1","인천광역시 미추홀구청","http://hnrl.michu.incheon.kr","2024-10-31"
"이랑도서관","인천광역시","미추홀구","공공도서관","10:00","18:00","32","22881","인천광역시 미추홀구 미추홀대로578번길 7","인천광역시 미추홀구청","http://hnrl.michu.incheon.kr","2024-10-31"
"학나래도서관","인천광역시","미추홀구","공공도서관","10:00","22:00","115","54668","인천광역시 미추홀구 한나루로 444","인천광역시 미추홀구청","http://hnrl.michu.incheon.kr","2024-10-31"
"꿈드림어린이영어도서관","인천광역시","동구","공공도서관","09:00","18:00","100","23227","인천광역시 동구 새천년로 93","꿈드림어린이영어도서관","https://lib.icdonggu.go.kr/dream/","2025-12-04"
"이룸청소년도서관","인천광역시","동구","공공도서관","10:00","21:00","50","7127","인천광역시 동구 샛골로 144","이룸청소년도서관","https://lib.icdonggu.go.kr/erum/","2025-12-04"
"송림도서관","인천광역시","동구","공공도서관","06:00","22:00","465","98787","인천광역시 동구 새천년로 72","송림도서관","https://lib.icdonggu.go.kr/songlim/","2025-12-04"
"동두천꿈나무정보도서관","경기도","동두천시","공공도서관","09:00","18:00","156","141286","경기도 동두천시 지행로 38","경기도 동두천시청 도서문화사업소","http://lib.ddc.go.kr/","2025-11-07"
"동두천오르빛도서관","경기도","동두천시","공공도서관","09:00","21:00","149","23849","경기도 동두천시 동두천로 314","경기도 동두천시청 도서문화사업소","http://lib.ddc.go.kr/","2025-11-07"
"동두천시립도서관","경기도","동두천시","공공도서관","08:00","22:00","316","191956","경기도 동두천시 상패로 60","경기도 동두천시청 도서문화사업소","http://lib.ddc.go.kr/","2025-11-07"
"경기과천교육도서관","경기도","과천시","공공도서관","09:00","22:00","840","162782","경기도 과천시 도서관길 36","경기과천교육도서관","lib.goe.go.kr/kwa/","2024-05-31"
"은계도서관","경기도","시흥시","공공도서관","09:00","18:00","261","19142","경기도 시흥시 수인로3247번길 33","경기도 시흥시청","http://lib.siheung.go.kr","2025-09-05"
"매화도서관","경기도","시흥시","공공도서관","10:00","22:00","115","42398","경기도 시흥시 매화로 20","경기도 시흥시청","http://lib.siheung.go.kr","2025-09-05"
"신천도서관","경기도","시흥시","공공도서관","10:00","22:00","87","47843","경기도 시흥시 신천로 89-18","경기도 시흥시청","http://lib.siheung.go.kr","2025-09-05"
"장곡도서관","경기도","시흥시","공공도서관","08:00","22:00","170","46089","경기도 시흥시 인선길 52","경기도 시흥시청","http://lib.siheung.go.kr","2025-09-05"
"갈산도서관","서울특별시","양천구","공공도서관","09:00","22:00","95","50818","서울특별시 양천구 목동남로 4길 48-6","양천문화재단","http://lib.yangcheon.or.kr","2024-10-01"
"양천중앙도서관","서울특별시","양천구","공공도서관","09:00","22:00","388","82807","서울특별시 양천구 신정로7길 81(신정동)","양천문화재단","http://lib.yangcheon.or.kr","2024-10-01"
"책테마파크도서관","경기도","성남시","공공도서관","09:00","18:00","89","9409","경기도 성남시 분당구 문정로 145(율동318), 책테마파크도서관","경기도 성남시","https://www.snlib.go.kr/bt","2025-08-28"
"포곡도서관","경기도","용인시","공공도서관","07:00","22:00","303","182487","경기도 용인시 처인구 포곡읍 포곡로278번길 8","경기도 용인시청","https://lib.yongin.go.kr/","2024-11-20"
"용인중앙도서관","경기도","용인시","공공도서관","07:00","22:00","546","287663","경기도 용인시 처인구 명지로 27","경기도 용인시청","https://lib.yongin.go.kr/","2024-11-20"
"능곡도서관","경기도","시흥시","공공도서관","08:00","22:00","330","96393","경기도 시흥시 능곡중앙로 85","경기도 시흥시청","http://lib.siheung.go.kr","2025-09-05"
"목감도서관","경기도","시흥시","공공도서관","08:00","22:00","403","67024","경기도 시흥시 솔고개길 33","경기도 시흥시청","http://lib.siheung.go.kr","2025-09-05"
"대야도서관","경기도","시흥시","공공도서관","08:00","22:00","248","84422","경기도 시흥시 은행로173번길 14","경기도 시흥시청","http://lib.siheung.go.kr","2025-09-05"
"소래빛도서관","경기도","시흥시","공공도서관","08:00","22:00","363","107899","경기도 시흥시 비둘기공원로 25","경기도 시흥시청","http://lib.siheung.go.kr","2025-09-05"
"개봉도서관","서울특별시","구로구","공공도서관","09:00","22:00","74","30688","서울특별시 구로구 개봉로16길 30-11","구로문화원","http://lib.guro.go.kr","2024-11-01"
"하늘도서관","서울특별시","구로구","공공도서관","09:00","22:00","105","38769","서울특별시 구로구 구로동로13길 68","구로문화원","http://lib.guro.go.kr","2024-11-01"
"개봉어린이도서관","서울특별시","구로구","공공도서관","10:00","19:00","77","43370","서울특별시 구로구 경인로 318-15","구로문화원","http://lib.guro.go.kr","2024-11-01"
"구로구립온누리도서관","서울특별시","구로구","공공도서관","09:00","22:00","68","36791","서울특별시 구로구 구로중앙로27나길 9, 4층 (온누리관)","구로문화원","http://lib.guro.go.kr","2024-11-01"
"꿈마을도서관","서울특별시","구로구","공공도서관","09:00","22:00","113","43167","서울특별시 구로구 디지털로27다길 65 (2층)","구로문화원","http://lib.guro.go.kr","2024-11-01"
"꿈나무도서관","서울특별시","구로구","공공도서관","10:00","19:00","87","69681","서울특별시 구로구 구로동로26길 54, 2층 (구로구시설관리공단)","구로문화원","http://lib.guro.go.kr","2024-11-01"
"모현도서관","경기도","용인시","공공도서관","07:00","22:00","313","131637","경기도 용인시 처인구 모현읍 백옥대로 2378","경기도 용인시청","https://lib.yongin.go.kr/","2024-11-20"
"동백도서관","경기도","용인시","공공도서관","07:00","22:00","535","172016","경기도 용인시 기흥구 동백3로 80","경기도 용인시청","https://lib.yongin.go.kr/","2024-11-20"
"방아다리문학도서관","서울특별시","양천구","공공도서관","09:00","22:00","70","32342","서울특별시 양천구 화곡로4길 10","양천문화재단","http://lib.yangcheon.or.kr","2024-10-01"
"개울건강도서관","서울특별시","양천구","공공도서관","09:00","22:00","54","31467","서울특별시 양천구 중앙로52길 56","양천문화재단","http://lib.yangcheon.or.kr","2024-10-01"
"목마교육도서관","서울특별시","양천구","공공도서관","09:00","22:00","78","40109","서울특별시 양천구 목동서로 41","양천문화재단","http://lib.yangcheon.or.kr","2024-10-01"
"미감도서관","서울특별시","양천구","공공도서관","09:00","18:00","60","21050","서울특별시 양천구 목동중앙남로 57-10","양천문화재단","http://lib.yangcheon.or.kr","2024-10-01"
"신월음악도서관","서울특별시","양천구","공공도서관","09:00","22:00","143","51790","서울특별시 양천구 오목로5길 34","양천문화재단","http://lib.yangcheon.or.kr","2024-10-01"
"월곶도서관","경기도","시흥시","공공도서관","08:00","22:00","285","43032","경기도 시흥시 월곶해안로 161번길 7","경기도 시흥시청","http://lib.siheung.go.kr","2025-09-05"
"배곧도서관","경기도","시흥시","공공도서관","08:00","22:00","666","69389","경기도 시흥시 배곧4로 102","경기도 시흥시청","http://lib.siheung.go.kr","2025-09-05"
"정왕어린이도서관","경기도","시흥시","공공도서관","09:00","18:00","85","69722","경기도 시흥시 정왕시장길 45","경기도 시흥시청","http://lib.siheung.go.kr","2025-09-05"
"군자도서관","경기도","시흥시","공공도서관","08:00","22:00","170","78476","경기도 시흥시 군자로 499","경기도 시흥시청","http://lib.siheung.go.kr","2025-09-05"
"중앙도서관","경기도","시흥시","공공도서관","08:00","22:00","638","280562","경기도 시흥시 정왕대로 191","경기도 시흥시청","http://lib.siheung.go.kr","2025-09-05"
"도봉어린이문화정보도서관(디지털자료실)","서울특별시","서울특별시 도봉구","공공도서관","09:00","18:00","8","0","서울특별시 도봉구 도봉구 노해로69길 151","","http://www.unilib.dobong.kr/","2018-05-01"
"영어특성화도서관","서울특별시","양천구","공공도서관","09:00","22:00","100","65657","서울특별시 양천구 목동동로 81","양천문화재단","http://lib.yangcheon.or.kr","2024-10-01"
"해맞이역사도서관","서울특별시","양천구","공공도서관","09:00","22:00","102","31923","서울특별시 양천구 지양로 37","양천문화재단","http://lib.yangcheon.or.kr","2024-10-01"
"구로미래도서관","서울특별시","구로구","공공도서관","09:00","20:00","000","000","서울특별시 구로구 새말로 111","구로문화원","http://lib.guro.go.kr","2024-11-01"
"고척열린도서관","서울특별시","구로구","공공도서관","09:00","20:00","222","21120","서울특별시 구로구 경인로43길 49","구로문화원","http://lib.guro.go.kr","2024-11-01"
"항동푸른도서관","서울특별시","구로구","공공도서관","10:00","21:00","73","8163","서울특별시 구로구 연동로 290-46","성공회대학교 산학협력단","http://lib.guro.go.kr","2024-11-01"
"오류도서관","서울특별시","구로구","공공도서관","09:00","21:00","72","1500","서울특별시 구로구 경인로19길 29-4","서울특별시 구로구청","http://lib.guro.go.kr","2024-11-01"
"구로기적의도서관","서울특별시","구로구","공공도서관","10:00","20:00","41","20805","서울특별시 구로구 구로중앙로40길 24","책읽는사회문화재단","http://lib.guro.go.kr","2024-11-01"
"궁동어린이도서관","서울특별시","구로구","공공도서관","10:00","19:00","150","22164","서울특별시 구로구 오리로 1352","구로문화원","http://lib.guro.go.kr","2024-11-01"
"글마루한옥어린이도서관","서울특별시","구로구","공공도서관","10:00","19:00","60","38113","서울특별시 구로구 고척로27바길 7","구로문화원","http://lib.guro.go.kr","2024-11-01"
"경기도교육청중앙도서관","경기도","수원시","공공도서관","09:00","18:00","26","135638","경기도 수원시 장안구 조원로 18","경기도교육청","https://lib.goe.go.kr/gg/","2025-11-01"
"고등도서관","경기도","성남시","공공도서관","09:00","20:00","92","19959","경기도 성남시 수정구 대왕판교로 980,고등행정복지센터 3층","경기도 성남시","https://www.snlib.go.kr/gd","2025-08-28"
"위례도서관","경기도","성남시","공공도서관","09:00","22:00","187","46416","경기도 성남시 수정구 위례순환로 125, 위례행정복지센터 3층 및 4층","경기도 성남시","https://www.snlib.go.kr/wr","2025-08-28"
"복정도서관","경기도","성남시","공공도서관","07:00","23:00","740","61675","경기도 성남시 수정구 복정로 118번길 7","경기도 성남시","https://www.snlib.go.kr/bj","2025-08-28"
"무지개도서관","경기도","성남시","공공도서관","09:00","22:00","130","49062","경기도 성남시 분당구 구미로 111(구미동)","경기도 성남시","https://www.snlib.go.kr/mjg","2025-08-28"
"구미도서관","경기도","성남시","공공도서관","07:00","23:00","1356","211667","경기도 성남시 분당구 미금일로 105(구미동)","경기도 성남시","https://www.snlib.go.kr/gm","2025-08-28"
"수내도서관","경기도","성남시","공공도서관","07:00","23:00","900","26415","경기도 성남시 분당구 불정로272","경기도 성남시","https://www.snlib.go.kr/sn/index.do","2025-08-28"
"서현도서관","경기도","성남시","공공도서관","07:00","23:00","952","106350","경기도 성남시 분당구 중앙공원로 77","경기도 성남시","https://www.snlib.go.kr/sh","2025-08-28"
"분당도서관","경기도","성남시","공공도서관","07:00","23:00","1382","310672","경기도 성남시 분당구 불정로 110","경기도 성남시","https://www.snlib.go.kr/bd","2025-08-28"
"중원어린이도서관","경기도","성남시","공공도서관","09:00","20:00","678","111736","경기도 성남시 중원구 산성대로 408","경기도 성남시","https://www.snlib.go.kr/cjw","2025-08-28"
"해오름도서관","경기도","성남시","공공도서관","07:00","23:00","696","84711","경기도 성남시 중원구 희망로 403","경기도 성남시","https://www.snlib.go.kr/hor","2025-08-28"
"중앙도서관","경기도","성남시","공공도서관","07:00","23:00","1926","307954","경기도 성남시 분당구 판교로 546","경기도 성남시","https://www.snlib.go.kr/ct","2025-08-28"
"운중도서관","경기도","성남시","공공도서관","07:00","22:00","143","65080","경기도 성남시 분당구 판교원로81번길 9(운중동)","경기도 성남시","https://www.snlib.go.kr/uj","2025-08-28"
"도봉문화정보도서관(어린이열람실)","서울특별시","서울특별시 도봉구","공공도서관","09:00","18:00","48","26000","서울특별시 도봉구 도봉구 덕릉로 315 (창동)","","http://www.unilib.dobong.kr/","2018-05-01"
"도봉문화정보도서관(종합자료실)","서울특별시","서울특별시 도봉구","공공도서관","09:00","22:00","80","45000","서울특별시 도봉구 도봉구 덕릉로 315 (창동)","","http://www.unilib.dobong.kr/","2018-05-01"
"서울특별시교육청도봉도서관(디지털자료실)","서울특별시","서울특별시 도봉구","공공도서관","09:00","22:00","56","0","서울특별시 도봉구 도봉구 삼양로 556(쌍문동)","","http://dblib.sen.go.kr/","2018-05-01"
"서울특별시교육청도봉도서관(어린이자료실)","서울특별시","서울특별시 도봉구","공공도서관","09:00","18:00","61","56836","서울특별시 도봉구 도봉구 삼양로 556(쌍문동)","","http://dblib.sen.go.kr/","2018-05-01"
"서울특별시교육청도봉도서관(종합자료실)","서울특별시","서울특별시 도봉구","공공도서관","09:00","18:00","78","161247","서울특별시 도봉구 도봉구 삼양로 556(쌍문동)","","http://dblib.sen.go.kr/","2018-05-01"
"판교어린이도서관","경기도","성남시","공공도서관","07:00","23:00","398","129772","경기도 성남시 분당구 판교역로 75(백현동)","경기도 성남시","https://www.snlib.go.kr/cpg","2025-08-28"
"판교도서관","경기도","성남시","공공도서관","07:00","23:00","523","202343","경기도 성남시 분당구 판교공원로 4길 27(판교동)","경기도 성남시","https://www.snlib.go.kr/pg","2025-08-28"
"논골도서관","경기도","성남시","공공도서관","09:00","20:00","76","17028","경기도 성남시 수정구 논골로 23번길 2","경기도 성남시","https://www.snlib.go.kr/ng","2025-08-28"
"중원도서관","경기도","성남시","공공도서관","07:00","23:00","1193","303783","경기도 성남시 중원구 원터로 17번길 46(성남동)","성남도시개발공사","https://www.snlib.go.kr/jw","2025-08-28"
"수정도서관","경기도","성남시","공공도서관","07:00","23:00","796","298198","경기도 성남시 수정구 수정로332번길 32","성남도시개발공사","https://www.snlib.go.kr/sj","2025-08-28"
"중랑구립정보도서관","서울특별시","중랑구","공공도서관","09:00","18:00","838","163104","서울특별시 중랑구 신내로15길 197(묵동)","중랑문화재단","https://www.jungnanglib.seoul.kr/","2025-05-31"
"도봉 기적의 도서관","서울특별시","서울특별시 도봉구","공공도서관","09:00","18:00","0","20676","서울특별시 도봉구 도봉구 마들로 797","","","2018-05-01"
"도봉어린이문화정보도서관(영 유아)","서울특별시","서울특별시 도봉구","공공도서관","09:00","18:00","50","20095","서울특별시 도봉구 도봉구 노해로69길 151","","http://www.unilib.dobong.kr/","2018-05-01"
"중화문학도서관","서울특별시","중랑구","공공도서관","09:00","18:00","150","14487","서울특별시 중랑구 봉화산로 27(중화동)","중랑문화재단","https://www.jungnanglib.seoul.kr/","2025-05-31"
"중랑상봉도서관","서울특별시","중랑구","공공도서관","09:00","18:00","322","68364","서울특별시 중랑구 동일로114길 10(상봉동)","중랑문화재단","https://www.jungnanglib.seoul.kr/","2025-05-31"
"양원숲속도서관","서울특별시","중랑구","공공도서관","09:00","18:00","248","58102","서울특별시 중랑구 송림길 172(망우동)","중랑문화재단","https://www.jungnanglib.seoul.kr/","2025-05-31"
"중랑숲어린이도서관","서울특별시","중랑구","공공도서관","09:00","18:00","303","52785","서울특별시 중랑구 망우로73길 46-1(망우동)","중랑문화재단","https://www.jungnanglib.seoul.kr/","2025-05-31"
"중랑구립면목정보도서관","서울특별시","중랑구","공공도서관","09:00","18:00","202","104999","서울특별시 중랑구 면목로 397(면목동)","중랑문화재단","https://www.jungnanglib.seoul.kr/","2025-05-31"
"도봉어린이문화정보센터(자료열람실, 잉글리시 아일랜드)","서울특별시","서울특별시 도봉구","공공도서관","09:00","18:00","67","44653","서울특별시 도봉구 도봉구 노해로69길 151","","http://www.unilib.dobong.kr/","2018-05-01"
"신길책마루문화센터","서울특별시","영등포구","공공도서관","09:00","22:00","173","37615","서울특별시 영등포구 신길로 131","영등포문화재단","https://www.ydplib.or.kr","2025-09-04"
"원지공원도서관","서울특별시","영등포구","공공도서관","09:00","20:00","80","6637","서울특별시 영등포구 도림로47길 23","영등포문화재단","https://www.ydplib.or.kr","2025-09-04"
"홍은도담도서관","서울특별시","서대문구","공공도서관","09:00","20:00","65","42911","서울특별시 서대문구 홍은중앙로 129","서대문구도시관리공단","http://lib.sdm.or.kr","2025-08-09"
"남가좌새롬어린이도서관","서울특별시","서대문구","공공도서관","09:00","20:00","75","68794","서울특별시 서대문구 증가로10길 16-15","서대문구도시관리공단","http://lib.sdm.or.kr","2025-08-09"
"이진아기념도서관","서울특별시","서대문구","공공도서관","09:00","20:00","238","166562","서울특별시 서대문구 독립문공원길 80","서대문구도시관리공단","http://lib.sdm.or.kr","2025-08-09"
"영등포생각공장도서관","서울특별시","영등포구","공공도서관","09:00","20:00","78","12272","서울특별시 영등포구 문래북로 105","영등포문화재단","https://www.ydplib.or.kr","2025-09-04"
"포천시립선단도서관","경기도","포천시","공공도서관","09:00","20:00","120","20385","경기도 포천시 삼육사로 2186번길 7","경기도 포천시","https://lib.pocheon.go.kr/seondan/index.do","2023-12-04"
"포천시립영북도서관","경기도","포천시","공공도서관","09:00","20:00","38","33541","경기도 포천시 영북면 운천안길 3","경기도 포천시","https://lib.pocheon.go.kr/yeongbuk/index.do","2023-12-04"
"포천시립영중꿈나무도서관","경기도","포천시","공공도서관","09:00","18:00","0","33143","경기도 포천시 영중면 양문로 151","포천시립영중꿈나무도서관","https://lib.pocheon.go.kr/yeongjung/index.do","2023-12-04"
"상현도서관","경기도","용인시","공공도서관","07:00","22:00","522","163450","경기도 용인시 수지구 법조로 232","경기도 용인시청","https://lib.yongin.go.kr/","2024-11-20"
"죽전도서관","경기도","용인시","공공도서관","07:00","22:00","494","199579","경기도 용인시 수지구 대지로 89","경기도 용인시청","https://lib.yongin.go.kr/","2024-11-20"
"수지도서관","경기도","용인시","공공도서관","09:00","22:00","592","271260","경기도 용인시 수지구 문정로7번길 23","경기도 용인시청","https://lib.yongin.go.kr/","2024-11-20"
"구갈희망누리도서관","경기도","용인시","공공도서관","09:00","18:00","64","44906","경기도 용인시 기흥구 갈곡로12번길 1","경기도 용인시청","https://lib.yongin.go.kr/","2024-11-20"
"영덕도서관","경기도","용인시","공공도서관","09:00","22:00","145","29529","경기도 용인시 기흥구 덕영대로2077번길 7","경기도 용인시청","https://lib.yongin.go.kr/","2024-11-20"
"서농도서관","경기도","용인시","공공도서관","07:00","22:00","288","68104","경기도 용인시 기흥구 서천서로 83","경기도 용인시청","https://lib.yongin.go.kr/","2024-11-20"
"흥덕도서관","경기도","용인시","공공도서관","07:00","22:00","467","142985","경기도 용인시 기흥구 흥덕중앙로 153","경기도 용인시청","https://lib.yongin.go.kr/","2024-11-20"
"보라도서관","경기도","용인시","공공도서관","07:00","22:00","470","153651","경기도 용인시 기흥구 한보라2로 116","경기도 용인시청","https://lib.yongin.go.kr/","2024-11-20"
"구성도서관","경기도","용인시","공공도서관","07:00","22:00","478","142051","경기도 용인시 기흥구 구성로77번길 17","경기도 용인시청","https://lib.yongin.go.kr/","2024-11-20"
"기흥도서관","경기도","용인시","공공도서관","07:00","22:00","608","194188","경기도 용인시 기흥구 기흥로116번길 10","경기도 용인시청","https://lib.yongin.go.kr/","2024-11-20"
"이동꿈틀도서관","경기도","용인시","공공도서관","09:00","18:00","121","36957","경기도 용인시 처인구 이동읍 경기동로705번길 16","경기도 용인시청","https://lib.yongin.go.kr/","2024-11-20"
"양지해밀도서관","경기도","용인시","공공도서관","09:00","18:00","67","48420","경기도 용인시 처인구 양지면 교동로18번길 8","경기도 용인시청","https://lib.yongin.go.kr/","2024-11-20"
"남사도서관","경기도","용인시","공공도서관","09:00","22:00","366","88536","경기도 용인시 처인구 남사면 한숲로 61","경기도 용인시청","https://lib.yongin.go.kr/","2024-11-20"
"청덕도서관","경기도","용인시","공공도서관","09:00","22:00","266","118244","경기도 용인시 기흥구 구성1로 44","경기도 용인시청","https://lib.yongin.go.kr/","2024-11-20"
"손기정문화도서관","서울특별시","중구","공공도서관","09:00","22:00","140","26463","서울특별시 중구 손기정로101-3","재단법인중구문화재단","https://www.junggulib.or.kr","2025-11-13"
"다산성곽도서관","서울특별시","중구","공공도서관","09:00","22:00","80","17282","서울특별시 중구 동호로17길 173","재단법인중구문화재단","https://www.junggulib.or.kr","2025-11-13"
"신당누리도서관","서울특별시","중구","공공도서관","09:00","22:00","64","17313","서울특별시 중구 다산로33길 2","재단법인중구문화재단","https://www.junggulib.or.kr","2025-11-13"
"손기정어린이도서관","서울특별시","중구","공공도서관","09:00","22:00","70","28428","서울특별시 중구 손기정로 101","재단법인중구문화재단","https://www.junggulib.or.kr","2025-11-13"
"남산타운어린이도서관","서울특별시","중구","공공도서관","09:00","22:00","65","38717","서울특별시 중구 다산로 32","재단법인중구문화재단","https://www.junggulib.or.kr","2025-11-13"
"어울림도서관","서울특별시","중구","공공도서관","09:00","22:00","190","86145","서울특별시 중구 다산로38길 66-35","재단법인중구문화재단","https://www.junggulib.or.kr","2025-11-13"
"가온도서관","서울특별시","중구","공공도서관","09:00","22:00","169","81391","서울특별시 중구 동호로14길 18","재단법인중구문화재단","https://www.junggulib.or.kr","2025-11-13"
"용산 꿈나무도서관","서울특별시","용산구","공공도서관","09:00","21:00","150","57852","서울특별시 용산구 백범로 329","서울특별시 용산구청","https://www.yslibrary.or.kr/dream/index.do","2025-08-05"
"구립 청파도서관","서울특별시","용산구","공공도서관","09:00","21:00","75","43571","서울특별시 용산구 청파로93길 27","서울특별시 용산구청","https://www.yslibrary.or.kr/cheongpa/index.do","2025-08-05"
"북구도서관","인천광역시","부평구","공공도서관","09:00","20:00","500","308092","인천광역시 부평구 신트리로 21","인천광역시교육청북구도서관","https://lib.ice.go.kr/bukgu","2024-08-09"
"학마을도서관 (종합자료실)","서울특별시","서울특별시 도봉구","공공도서관","09:00","20:00","36","35288","서울특별시 도봉구 도봉구 시루봉로 128","","http://www.unilib.dobong.kr/","2018-05-01"
"소나무언덕4호작은도서관","서울특별시","송파구","공공도서관","09:00","22:00","45","21326","서울특별시 송파구 송이로 34 (송파동)","서울특별시 송파구청","http://www.splib.or.kr","2023-12-05"
"소나무언덕3호도서관","서울특별시","송파구","공공도서관","09:00","22:00","70","31418","서울특별시 송파구 성내천로 319 (마천동)","서울특별시 송파구청","http://www.splib.or.kr","2023-12-05"
"소나무언덕2호도서관","서울특별시","송파구","공공도서관","09:00","22:00","68","27286","서울특별시 송파구 석촌호수로 155 (잠실동)","서울특별시 송파구청","http://www.splib.or.kr","2023-12-05"
"소나무언덕1호작은도서관","서울특별시","송파구","공공도서관","09:00","22:00","38","20754","서울특별시 송파구 올림픽로 47길 9 (풍납동)","서울특별시 송파구청","http://www.splib.or.kr","2023-12-05"
"거마도서관","서울특별시","송파구","공공도서관","09:00","22:00","241","52717","서울특별시 송파구 거마로2길 19 (거여동)","서울특별시 송파구청","http://www.splib.or.kr","2023-12-05"
"송파어린이도서관","서울특별시","송파구","공공도서관","09:00","18:00","300","88918","서울특별시 송파구 올림픽로 105 (잠실동)","서울특별시 송파구청","http://www.splib.or.kr","2023-12-05"
"송파글마루도서관","서울특별시","송파구","공공도서관","09:00","22:00","389","106322","서울특별시 송파구 충민로 120 (장지동)","서울특별시 송파구청","http://www.splib.or.kr","2023-12-05"
"경기도교육청과천도서관","경기도","과천시","공공도서관","09:00","22:00","840","177656","경기도 과천시 도서관길 36","경기도교육청과천도서관","lib.goe.go.kr/kwa/","2025-05-30"
"문원도서관","경기도","과천시","공공도서관","09:00","22:00","370","75587","경기도 과천시 문원로 104","경기도 과천시청","https://www.gclib.go.kr/","2025-10-31"
"정보과학도서관","경기도","과천시","공공도서관","09:00","22:00","840","320806","경기도 과천시 중앙로 24","경기도 과천시청","https://www.gclib.go.kr/","2025-10-31"
"의정부정보도서관","경기도","의정부시","공공도서관","09:00","21:00","530","158676","경기도 의정부시 의정로41","경기도 의정부시청 도서관과","http://www.uilib.go.kr","2025-06-30"
"느티나무도서관","경기도","용인시","공공도서관","10:00","21:00","260","56103","경기도 용인시 수지구 수풍로116번길 22","느티나무재단","www.neutinamu.org","2024-11-20"
"동천도서관","경기도","용인시","공공도서관","09:00","22:00","258","31472","경기도 용인시 수지구 수풍로57-14","경기도 용인시청","https://lib.yongin.go.kr/","2024-11-20"
"성복도서관","경기도","용인시","공공도서관","09:00","22:00","169","55497","경기도 용인시 수지구 성복1로164번길 6","경기도 용인시청","https://lib.yongin.go.kr/","2024-11-20"
"송파위례도서관","서울특별시","송파구","공공도서관","09:00","22:00","140","53821","서울특별시 송파구 위례광장로 210 (장지동)","서울특별시 송파구청","http://www.splib.or.kr","2023-12-05"
"돌마리도서관","서울특별시","송파구","공공도서관","09:00","22:00","53","26666","서울특별시 송파구 백제고분로37길 16 (석촌동)","서울특별시 송파구청","http://www.splib.or.kr","2023-12-05"
"송파어린이영어도서관","서울특별시","송파구","공공도서관","09:00","18:00","80","32805","서울특별시 송파구 오금로 1 (신천동)","서울특별시 송파구청","http://www.splib.or.kr","2023-12-05"
"소나무언덕잠실본동도서관","서울특별시","송파구","공공도서관","09:00","18:00","105","29640","서울특별시 송파구 탄천동로 205 (잠실동)","서울특별시 송파구청","http://www.splib.or.kr","2023-12-05"
"송중문화정보도서관","서울특별시","강북구","공공도서관","07:00","22:00","83","25844","서울특별시 강북구 도봉로20나길 6 (미아동)","서울특별시강북구도시관리공단","http://www.gblib.or.kr/songjung/index.do","2025-11-26"
"솔샘문화정보도서관","서울특별시","강북구","공공도서관","07:00","22:00","194","52296","서울특별시 강북구 솔샘로 177 (미아동)","서울특별시강북구도시관리공단","http://www.gblib.or.kr/solsem/index.do","2025-11-26"
"강북청소년문화정보도서관","서울특별시","강북구","공공도서관","07:00","22:00","164","47528","서울특별시 강북구 삼양로54길 68 (미아동)","서울특별시강북구도시관리공단","http://www.gblib.or.kr/youth/index.do","2025-11-26"
"강북문화정보도서관","서울특별시","강북구","공공도서관","07:00","22:00","466","227001","서울특별시 강북구 오현로 145 (번동)","서울특별시강북구도시관리공단","http://www.gblib.or.kr/gangbuk/index.do","2025-11-26"
"의정부가재울도서관","경기도","의정부시","공공도서관","08:00","20:00","200","32111","경기도 의정부시 평화로 633","경기도 의정부시청 도서관과","http://www.uilib.go.kr","2025-06-30"
"의정부영어도서관","경기도","의정부시","공공도서관","10:00","20:00","139","57787","경기도 의정부시 회룡로 79","경기도 의정부시청 도서관과","http://www.uilib.go.kr","2025-06-30"
"의정부음악도서관","경기도","의정부시","공공도서관","10:00","21:00","243","13216","경기도 의정부시 장곡로 280","경기도 의정부시청 도서관과","http://www.uilib.go.kr/music","2025-06-30"
"의정부미술도서관","경기도","의정부시","공공도서관","10:00","21:00","350","56578","경기도 의정부시 민락로 248","경기도 의정부시청 도서관과","http://www.uilib.go.kr","2025-06-30"
"의정부과학도서관","경기도","의정부시","공공도서관","09:00","21:00","270","175174","경기도 의정부시 추동로 124번길 52","경기도 의정부시청 도서관과","http://www.uilib.go.kr","2025-06-30"
"부개어린이도서관","인천광역시","부평구","공공도서관","09:00","18:00","70","24895","인천광역시 부평구 동수로 166(부개동)","(재)인천광역시부평구문화재단","https://www.bppl.or.kr","2025-10-31"
"갈산도서관","인천광역시","부평구","공공도서관","09:00","18:00","92","30708","인천광역시 부평구 주부토로 254(갈산동)","(재)인천광역시부평구문화재단","https://www.bppl.or.kr","2025-10-31"
"청천도서관","인천광역시","부평구","공공도서관","09:00","22:00","149","68573","인천광역시 부평구 원길로 23(청천동)","(재)인천광역시부평구문화재단","https://www.bppl.or.kr","2025-10-31"
"부평기적의도서관","인천광역시","부평구","공공도서관","09:00","18:00","120","55857","인천광역시 부평구 길주남로 166(부개동)","(재)인천광역시부평구문화재단","https://www.bppl.or.kr","2025-10-31"
"삼산도서관","인천광역시","부평구","공공도서관","09:00","22:00","204","81156","인천광역시 부평구 부평북로 445(삼산동)","(재)인천광역시부평구문화재단","https://www.bppl.or.kr","2025-10-31"
"부개도서관","인천광역시","부평구","공공도서관","09:00","22:00","227","77534","인천광역시 부평구 부일로83번길 46(부개동)","(재)인천광역시부평구문화재단","https://www.bppl.or.kr","2025-10-31"
"삼각산어린이도서관","서울특별시","강북구","공공도서관","09:00","18:00","180","30675","서울특별시 강북구 삼양로19길 34 (미아동)","서울특별시강북구도시관리공단","http://www.gblib.or.kr/kids/index.do","2025-11-26"
"미아문화정보도서관","서울특별시","강북구","공공도서관","07:00","22:00","191","44199","서울특별시 강북구 솔매로49길 14 (미아동)","서울특별시강북구도시관리공단","http://www.gblib.or.kr/mia/index.do","2025-11-26"
"수유문화정보도서관","서울특별시","강북구","공공도서관","07:00","22:00","194","40165","서울특별시 강북구 삼양로 299 (수유동)","서울특별시강북구도시관리공단","http://www.gblib.or.kr/suyu/index.do","2025-11-26"
"대림도서관","서울특별시","영등포구","공공도서관","09:00","22:00","168","70383","서울특별시 영등포구 도신로27","영등포문화재단","https://www.ydplib.or.kr","2025-09-04"
"사근동어린이놀이터도서관","서울특별시","성동구","공공도서관","09:00","18:00","20","4963","서울특별시 성동구 사근동 사근동길 37 사근동공공복합청사","서울특별시 성동구","","2025-06-18"
"마장동작은도서관","서울특별시","성동구","공공도서관","14:00","18:00","20","4989","서울특별시 성동구 마장동 마장로42길 11 마장동주민센터","서울특별시 성동구","","2025-06-18"
"금호4가동어린이작은도서관","서울특별시","성동구","공공도서관","09:00","18:00","20","8629","서울특별시 성동구 금호동4가 독서당로46길 26 금호4가동주민센터","서울특별시 성동구","","2025-06-18"
"금호2,3가동어린이작은도서관","서울특별시","성동구","공공도서관","09:00","16:00","15","8793","서울특별시 성동구 금호동2가 무수막18길 1","서울특별시 성동구","","2025-06-18"
"금호1가동우리동네북카페책단지꿀단지","서울특별시","성동구","공공도서관","09:00","18:00","28","4284","서울특별시 성동구 행당로 15 (금호동1가)","서울특별시 성동구","","2025-06-18"
"창동영유아플라자","서울특별시","서울특별시 도봉구","공공도서관","09:30","17:30","0","4564","서울특별시 도봉구 도봉구 우이천로4길 24-5 (창동)","","http://www.doccic.go.kr/youngua/","2018-05-01"
"방학동영유아플라자","서울특별시","서울특별시 도봉구","공공도서관","09:30","17:30","0","13343","서울특별시 도봉구 도봉구 방학로 12길 28 (방학동)","","http://www.doccic.go.kr/youngua/","2018-05-01"
"학마을도서관 (어린이 자료실)","서울특별시","서울특별시 도봉구","공공도서관","09:00","18:00","0","21390","서울특별시 도봉구 도봉구 시루봉로 128","","http://www.unilib.dobong.kr/","2018-05-01"
"단봉늘봄도서관","인천광역시","서구","공공도서관","09:00","22:00","190","40815","인천광역시 서구 오동로 25","인천광역시서구시설관리공단","","2025-11-14"
"신석도서관","인천광역시","서구","공공도서관","09:00","22:00","147","69744","인천광역시 서구 염곡로 299","인천광역시서구시설관리공단","","2025-11-14"
"심곡도서관","인천광역시","서구","공공도서관","09:00","22:00","237","77649","인천광역시 서구 심곡로 31","인천광역시서구시설관리공단","","2025-11-14"
"검단도서관","인천광역시","서구","공공도서관","09:00","22:00","265","59282","인천광역시 서구 완정로92번길 18","인천광역시서구시설관리공단","","2025-11-14"
"석남도서관","인천광역시","서구","공공도서관","09:00","22:00","198","61945","인천광역시 서구 서달로137번길 6-12","인천광역시서구시설관리공단","","2025-11-14"
"문래도서관","서울특별시","영등포구","공공도서관","09:00","22:00","262","73225","서울특별시 영등포구 문래로20길 49","영등포문화재단","https://www.ydplib.or.kr","2025-09-04"
"선유도서관","서울특별시","영등포구","공공도서관","09:00","22:00","263","72236","서울특별시 영등포구 선유로 43가길 10-8","영등포문화재단","https://www.ydplib.or.kr","2025-09-04"
"여의샛강도서관","서울특별시","영등포구","공공도서관","09:00","20:00","90","31398","서울특별시 영등포구 여의대로 24","영등포문화재단","https://www.ydplib.or.kr","2025-09-04"
"청운문학도서관","서울특별시","종로구","공공도서관","09:00","21:00","115","44784","서울특별시 종로구 자하문로36길 40","종로문화재단","http://lib.jongno.go.kr/","2025-12-02"
"검암도서관","인천광역시","서구","공공도서관","09:00","22:00","350","59928","인천광역시 서구 검암로20번길 20","인천광역시서구시설관리공단","","2025-11-14"
"신대방누리도서관","서울특별시","동작구","공공도서관","09:00","22:00","105","27900","서울특별시 동작구 신대방1다길 19","서울특별시 동작구청","http://lib.dongjak.go.kr/","2025-12-02"
"까망돌도서관","서울특별시","동작구","공공도서관","09:00","22:00","161","36157","서울특별시 동작구 서달로129","서울특별시 동작구청","http://lib.dongjak.go.kr/","2025-12-02"
"약수도서관","서울특별시","동작구","공공도서관","09:00","18:00","47","21983","서울특별시 동작구 양녕로22바길 64","서울특별시 동작구청","http://lib.dongjak.go.kr/","2025-12-02"
"대방어린이도서관","서울특별시","동작구","공공도서관","09:00","18:00","56","31136","서울특별시 동작구 대방동길 55","서울특별시 동작구청","http://lib.dongjak.go.kr/","2025-12-02"
"동작영어마루도서관","서울특별시","동작구","공공도서관","09:00","18:00","104","40679","서울특별시 동작구 장승배기로16길 98","서울특별시 동작구청","http://lib.dongjak.go.kr/","2025-12-02"
"사당솔밭도서관","서울특별시","동작구","공공도서관","09:00","22:00","139","71657","서울특별시 동작구 솔밭로 86","서울특별시 동작구청","http://lib.dongjak.go.kr/","2025-12-02"
"김영삼도서관","서울특별시","동작구","공공도서관","09:00","22:00","256","60994","서울특별시 동작구 매봉로1","서울특별시 동작구청","http://lib.dongjak.go.kr/","2025-12-02"
"성수2가제3동작은도서관","서울특별시","성동구","공공도서관","10:00","18:00","14","10968","서울특별시 성동구 성수동2가 광나루로2길 35 성수2가제3동주민센터","서울특별시 성동구","","2025-06-18"
"성수2가제1동어린이작은도서관","서울특별시","성동구","공공도서관","09:00","18:00","30","7656","서울특별시 성동구 성수동2가 뚝섬로 385-19 성수2가제1동주민센터","서울특별시 성동구","","2025-06-18"
"성수1가제2동어린이작은도서관","서울특별시","성동구","공공도서관","13:00","17:00","16","3602","서울특별시 성동구 성수동1가 왕십리로5길 3","서울특별시 성동구","","2025-06-18"
"성수1가제1동작은도서관","서울특별시","성동구","공공도서관","09:00","18:00","20","7706","서울특별시 성동구 뚝섬로 3길 18 (성수동1가)","서울특별시 성동구","","2025-06-18"
"성동자활센터푸른하늘공부방청소년작은도서관","서울특별시","성동구","공공도서관","10:00","20:00","30","1803","서울특별시 성동구 금호동4가 독서당로 272 금호동 대우 아파트 203동","서울특별시 성동구","","2025-06-18"
"성동구립청계도서관","서울특별시","성동구","공공도서관","09:00","20:00","209","55229","서울특별시 성동구 상왕십리동 마장로 141 왕십리도선동복합청사 5~6층","재단법인 성동문화재단","https://www.sdlib.or.kr/CG/main.do","2025-06-18"
"성동구립용답도서관","서울특별시","성동구","공공도서관","07:00","22:00","217","96515","서울특별시 성동구 용답동 용답중앙3길 10 성동구립용답도서관","재단법인 성동문화재단","https://www.sdlib.or.kr/YD/main.do","2025-06-18"
"성동구립성수도서관","서울특별시","성동구","공공도서관","08:00","22:00","212","63390","서울특별시 성동구 뚝섬로 1길 43 성수문화복지회관 7층","재단법인 성동문화재단","https://www.sdlib.or.kr/SS/main.do","2025-06-18"
"성동구립무지개도서관","서울특별시","성동구","공공도서관","09:00","21:00","148","48320","서울특별시 성동구 행당동 고산자로 270 성동구청 3.층","재단법인 성동문화재단","https://www.sdlib.or.kr/RB/main.do","2025-06-18"
"성동구립도서관","서울특별시","성동구","공공도서관","07:00","23:00","542","213919","서울특별시 성동구 행당동 고산자로10길 9 성동문화정보센터","재단법인 성동문화재단","https://www.sdlib.or.kr/SD/main.do","2025-06-18"
"성동구립금호도서관","서울특별시","성동구","공공도서관","07:00","22:00","204","93104","서울특별시 성동구 금호동1가 난계로 20 금호작은도서관","재단법인 성동문화재단","https://www.sdlib.or.kr/KH/main.do","2025-06-18"
"양동도서관","경기도","양평군","공공도서관","09:00","20:00","173","36090","경기도 양평군 양동면 학둔지아래길 93","경기도 양평군청","http://www.yplib.go.kr","2025-12-15"
"지평도서관","경기도","양평군","공공도서관","09:00","20:00","162","37414","경기도 양평군 지평면 지평의병로116번길 5","경기도 양평군청","http://www.yplib.go.kr","2025-12-15"
"푸르메어린이도서관","서울특별시","마포구","공공도서관","09:00","18:00","70","24262","서울특별시 마포구 월드컵북로 494, 1층","푸르메재단","https://mplib.mapo.go.kr/purme","2025-11-28"
"서강도서관","서울특별시","마포구","공공도서관","09:00","22:00","222","76670","서울특별시 마포구 독막로 165, 3~5층","(사)한국청소년지원네트워크","https://mplib.mapo.go.kr/sglib","2025-11-28"
"소금나루도서관","서울특별시","마포구","공공도서관","09:00","22:00","189","45796","서울특별시 마포구 숭문길 72","서울특별시 마포구청","https://mplib.mapo.go.kr/naru","2025-11-28"
"마포중앙도서관","서울특별시","마포구","공공도서관","09:00","22:00","620","241193","서울특별시 마포구 성산로 128","서울특별시 마포구청","https://mplib.mapo.go.kr/mcl","2025-11-28"
"어린이청소년국학도서관","서울특별시","종로구","공공도서관","09:00","22:00","80","30346","서울특별시 종로구 명륜길 26(명륜동 와룡문화센터 5층)","종로문화재단","http://lib.jongno.go.kr/","2025-12-02"
"아름꿈도서관","서울특별시","종로구","공공도서관","10:00","19:00","97","34355","서울특별시 종로구 종로58가길 19","종로문화재단","http://lib.jongno.go.kr/","2025-12-02"
"용문도서관","경기도","양평군","공공도서관","09:00","20:00","264","87246","경기도 양평군 용문면 용문로 395","경기도 양평군청","http://www.yplib.go.kr","2025-12-15"
"양서친환경도서관","경기도","양평군","공공도서관","09:00","20:00","293","56727","경기도 양평군 양서면 양수로 110","경기도 양평군청","http://www.yplib.go.kr","2025-12-15"
"양평도서관","경기도","양평군","공공도서관","09:00","22:00","95","149141","경기도 양평군 양평읍 마유산로 1","경기도 양평군청","http://www.yplib.go.kr","2025-12-15"
"경기도교육청화성도서관","경기도","화성시","공공도서관","09:00","20:00","234","109044","경기도 화성시 향남읍 발안로 85-10","경기도교육청화성도서관","http://lib.goe.go.kr/hs","2025-12-01"
"글빛정보도서관","서울특별시","관악구","공공도서관","09:00","23:00","94","69740","서울특별시 관악구 관악로 30길 23","서울특별시 관악구청","http://lib.gwanak.go.kr/","2025-12-03"
"관악중앙도서관","서울특별시","관악구","공공도서관","07:00","23:00","378","177481","서울특별시 관악구 신림로3길 35","서울특별시 관악구청","http://lib.gwanak.go.kr/","2025-12-03"
"포천시립일동도서관","경기도","포천시","공공도서관","09:00","22:00","260","84822","경기도 포천시 일동면 화동로 1021","경기도 포천시","https://lib.pocheon.go.kr/ildong/index.do","2023-12-04"
"포천시립가산도서관","경기도","포천시","공공도서관","09:00","20:00","54","36815","경기도 포천시 가산면 선마로 223","경기도 포천시","https://lib.pocheon.go.kr/gasan/index.do","2023-12-04"
"포천시립소흘도서관","경기도","포천시","공공도서관","09:00","22:00","185","84221","경기도 포천시 송우로 101-29","경기도 포천시","https://lib.pocheon.go.kr/soheul/index.do","2023-12-04"
"포천시립중앙도서관","경기도","포천시","공공도서관","09:00","22:00","326","106409","경기도 포천시 중앙로207번길26","경기도 포천시","https://lib.pocheon.go.kr/center/index.do","2023-12-04"
"신림역 U-도서관","서울특별시","관악구","공공도서관","06:00","23:59","0","112","서울특별시 관악구 남부순환로 1614","서울특별시 관악구청","http://lib.gwanak.go.kr/","2025-12-03"
"낙성대역 U-도서관","서울특별시","관악구","공공도서관","06:00","23:59","0","144","서울특별시 관악구 남부순환로 1928","서울특별시 관악구청","http://lib.gwanak.go.kr/","2025-12-03"
"봉천역 U-도서관","서울특별시","관악구","공공도서관","06:00","23:59","0","112","서울특별시 관악구 남부순환로 1721","서울특별시 관악구청","http://lib.gwanak.go.kr/","2025-12-03"
"신대방역 U-도서관","서울특별시","관악구","공공도서관","06:00","23:59","0","56","서울특별시 동작구 대림로 2","서울특별시 관악구청","http://lib.gwanak.go.kr/","2025-12-03"
"서울대입구역 U-도서관","서울특별시","관악구","공공도서관","06:00","23:59","0","216","서울특별시 관악구 남부순환로 1822","서울특별시 관악구청","http://lib.gwanak.go.kr/","2025-12-03"
"조원작은도서관","서울특별시","관악구","공공도서관","09:00","20:00","120","61840","서울특별시 관악구 조원로 12길 25","서울특별시 관악구청","http://lib.gwanak.go.kr/","2025-12-03"
"은천동작은도서관","서울특별시","관악구","공공도서관","09:00","20:00","89","50713","서울특별시 관악구 봉천로 33나길 30","서울특별시 관악구청","http://lib.gwanak.go.kr/","2025-12-03"
"성현동작은도서관","서울특별시","관악구","공공도서관","09:00","19:00","46","56201","서울특별시 관악구 관악로 37길 56","서울특별시 관악구청","http://lib.gwanak.go.kr/","2025-12-03"
"서울대벤처타운역 U-도서관","서울특별시","관악구","공공도서관","06:00","23:59","0","144","서울특별시 관악구 신림로 144","서울특별시 관악구청","http://lib.gwanak.go.kr/","2025-12-03"
"당곡역 U-도서관","서울특별시","관악구","공공도서관","06:00","23:59","0","112","서울특별시 관악구 보라매로 6","서울특별시 관악구청","http://lib.gwanak.go.kr/","2025-12-03"
"관악중앙도서관 U-도서관","서울특별시","관악구","공공도서관","09:00","22:00","0","48","서울특별시 관악구 신림로3길 35","서울특별시 관악구청","http://lib.gwanak.go.kr/","2025-12-03"
"성동구립숲속도서관","서울특별시","성동구","공공도서관","10:00","20:00","70","11043","서울특별시 성동구 매봉길 49-29 성동구립숲속도서관","재단법인 성동문화재단","https://www.sdlib.or.kr/fore/main.do","2025-06-18"
"행당제2동어린이작은도서관","서울특별시","성동구","공공도서관","09:00","18:00","40","11759","서울특별시 성동구 행당동 행당로9길 9 행당제2동주민센터","서울특별시 성동구","","2025-06-18"
"응봉동어린이작은도서관","서울특별시","성동구","공공도서관","10:00","17:00","18","6378","서울특별시 성동구 응봉동 독서당로 424","서울특별시 성동구","","2025-06-18"
"용답동어린이작은도서관","서울특별시","성동구","공공도서관","09:00","18:00","20","6152","서울특별시 성동구 용답동 용답중앙23길 20 용답동주민센터","서울특별시 성동구","","2025-06-18"
"왕십리제2동작은도서관","서울특별시","성동구","공공도서관","09:00","18:00","7","3292","서울특별시 성동구 무학봉길 69 (하왕십리동)","서울특별시 성동구","","2025-06-18"
"왕십리도선동희망문고","서울특별시","성동구","공공도서관","09:00","18:00","35","6626","서울특별시 성동구 상왕십리동 마장로 141","서울특별시 성동구","","2025-06-18"
"옥수동북카페","서울특별시","성동구","공공도서관","09:00","18:00","5","3861","서울특별시 성동구 독서당로 203","서울특별시 성동구","","2025-06-18"
"송정동늘푸른작은도서관","서울특별시","성동구","공공도서관","09:00","18:00","6","5713","서울특별시 성동구 송정동 송정14길 19 송정동주민자치센터","서울특별시 성동구","","2025-06-18"
"경기도교육청의정부도서관","경기도","의정부시","공공도서관","09:00","20:00","231","125120","경기도 의정부시 체육로 265-25 (녹양초등학교 내 위치)","경기도교육청의정부도서관","https://lib.goe.go.kr/ujb/index.do","2025-12-22"
"둔촌도서관","서울특별시","강동구","공공도서관","09:00","18:00","221","18911","서울특별시 강동구 동남로49길 21-8(둔촌동, 둔촌도서관)","서울특별시 강동구청","https://www.gdlibrary.or.kr","2023-08-18"
"천호도서관","서울특별시","강동구","공공도서관","09:00","18:00","138","45727","서울특별시 강동구 성안로31마길 1(천호동, 천호도서관)","서울특별시 강동구청","https://www.gdlibrary.or.kr","2023-08-18"
"암사도서관","서울특별시","강동구","공공도서관","09:00","18:00","391","93601","서울특별시 강동구 고덕로20길 42 (암사동, 암사도서관)","서울특별시 강동구청","https://www.gdlibrary.or.kr","2023-08-18"
"강일도서관","서울특별시","강동구","공공도서관","09:00","18:00","214","93459","서울특별시 강동구 아리수로93길 9-14,4,5층(강일동)","서울특별시 강동구청","https://www.gdlibrary.or.kr","2023-08-18"
"해공도서관","서울특별시","강동구","공공도서관","09:00","18:00","214","87929","서울특별시 강동구 올림픽로 702 (천호동, 해공공원)","서울특별시 강동구청","https://www.gdlibrary.or.kr","2023-08-18"
"성내도서관","서울특별시","강동구","공공도서관","09:00","18:00","208","80820","서울특별시 강동구 성안로 106-1 (성내동, 성내도서관)","서울특별시 강동구청","https://www.gdlibrary.or.kr","2023-08-18"
